"county_name","year","REGION","State","Region","FIPS_Code","Rural_Urban_Continuum_Code","Urban_Influence_Code","Metro","Traffic_Count"
"Albany",2000,1,"New York","Non-New York City",36001,2,2,1,2620728
"Albany",2001,1,"New York","Non-New York City",36001,2,2,1,2440567
"Albany",2002,1,"New York","Non-New York City",36001,2,2,1,3225026
"Albany",2003,1,"New York","Non-New York City",36001,2,2,1,2203215
"Albany",2004,1,"New York","Non-New York City",36001,2,2,1,2222291
"Albany",2005,1,"New York","Non-New York City",36001,2,2,1,2352571
"Albany",2006,1,"New York","Non-New York City",36001,2,2,1,2619663
"Albany",2007,1,"New York","Non-New York City",36001,2,2,1,1838348
"Albany",2008,1,"New York","Non-New York City",36001,2,2,1,1912371
"Albany",2009,1,"New York","Non-New York City",36001,2,2,1,1032342
"Albany",2010,1,"New York","Non-New York City",36001,2,2,1,2638333
"Albany",2011,1,"New York","Non-New York City",36001,2,2,1,3488601
"Albany",2012,1,"New York","Non-New York City",36001,2,2,1,373092
"Albany",2013,1,"New York","Non-New York City",36001,2,2,1,1976439
"Albany",2014,1,"New York","Non-New York City",36001,2,2,1,1923030
"Albany",2015,1,"New York","Non-New York City",36001,2,2,1,1627003
"Albany",2016,1,"New York","Non-New York City",36001,2,2,1,1872567
"Albany",2017,1,"New York","Non-New York City",36001,2,2,1,3381081
"Albany",2018,1,"New York","Non-New York City",36001,2,2,1,2701409
"Albany",2019,1,"New York","Non-New York City",36001,2,2,1,9774984
"Albany",2020,1,"New York","Non-New York City",36001,2,2,1,NA
"Allegany",2000,1,"New York","Non-New York City",36003,7,9,0,102206
"Allegany",2001,1,"New York","Non-New York City",36003,7,9,0,161715
"Allegany",2002,1,"New York","Non-New York City",36003,7,9,0,147069
"Allegany",2003,1,"New York","Non-New York City",36003,7,9,0,184181
"Allegany",2004,1,"New York","Non-New York City",36003,7,9,0,140016
"Allegany",2005,1,"New York","Non-New York City",36003,7,9,0,120527
"Allegany",2006,1,"New York","Non-New York City",36003,7,9,0,168119
"Allegany",2007,1,"New York","Non-New York City",36003,7,9,0,168813
"Allegany",2008,1,"New York","Non-New York City",36003,7,9,0,101301
"Allegany",2009,1,"New York","Non-New York City",36003,7,9,0,222369
"Allegany",2010,1,"New York","Non-New York City",36003,7,9,0,200484
"Allegany",2011,1,"New York","Non-New York City",36003,7,9,0,118877
"Allegany",2012,1,"New York","Non-New York City",36003,7,9,0,83605
"Allegany",2013,1,"New York","Non-New York City",36003,7,9,0,134877
"Allegany",2014,1,"New York","Non-New York City",36003,7,9,0,123088
"Allegany",2015,1,"New York","Non-New York City",36003,7,9,0,136511
"Allegany",2016,1,"New York","Non-New York City",36003,7,9,0,136641
"Allegany",2017,1,"New York","Non-New York City",36003,7,9,0,132755
"Allegany",2018,1,"New York","Non-New York City",36003,7,9,0,147527
"Allegany",2019,1,"New York","Non-New York City",36003,7,9,0,486275
"Allegany",2020,1,"New York","Non-New York City",36003,7,9,0,NA
"Alleghany",2015,NA,NA,NA,NA,NA,NA,NA,NA
"Alleghany",2016,NA,NA,NA,NA,NA,NA,NA,NA
"Bronx",2000,1,"New York","New York City",36005,1,1,1,1220926
"Bronx",2001,1,"New York","New York City",36005,1,1,1,4860951
"Bronx",2002,1,"New York","New York City",36005,1,1,1,3150256
"Bronx",2003,1,"New York","New York City",36005,1,1,1,2887407
"Bronx",2004,1,"New York","New York City",36005,1,1,1,4847204
"Bronx",2005,1,"New York","New York City",36005,1,1,1,4038700
"Bronx",2006,1,"New York","New York City",36005,1,1,1,2674621
"Bronx",2007,1,"New York","New York City",36005,1,1,1,2799022
"Bronx",2008,1,"New York","New York City",36005,1,1,1,3826775
"Bronx",2009,1,"New York","New York City",36005,1,1,1,3640945
"Bronx",2010,1,"New York","New York City",36005,1,1,1,4541793
"Bronx",2011,1,"New York","New York City",36005,1,1,1,4700650
"Bronx",2012,1,"New York","New York City",36005,1,1,1,348452
"Bronx",2013,1,"New York","New York City",36005,1,1,1,709949
"Bronx",2014,1,"New York","New York City",36005,1,1,1,374759
"Bronx",2015,1,"New York","New York City",36005,1,1,1,1427997
"Bronx",2016,1,"New York","New York City",36005,1,1,1,4265121
"Bronx",2017,1,"New York","New York City",36005,1,1,1,4556987
"Bronx",2018,1,"New York","New York City",36005,1,1,1,3702906
"Bronx",2019,1,"New York","New York City",36005,1,1,1,13743371
"Bronx",2020,1,"New York","New York City",36005,1,1,1,NA
"Broome",2000,1,"New York","Non-New York City",36007,2,2,1,452609
"Broome",2001,1,"New York","Non-New York City",36007,2,2,1,928582
"Broome",2002,1,"New York","Non-New York City",36007,2,2,1,1438958
"Broome",2003,1,"New York","Non-New York City",36007,2,2,1,541484
"Broome",2004,1,"New York","Non-New York City",36007,2,2,1,1311266
"Broome",2005,1,"New York","Non-New York City",36007,2,2,1,1170971
"Broome",2006,1,"New York","Non-New York City",36007,2,2,1,793208
"Broome",2007,1,"New York","Non-New York City",36007,2,2,1,1280432
"Broome",2008,1,"New York","Non-New York City",36007,2,2,1,1107556
"Broome",2009,1,"New York","Non-New York City",36007,2,2,1,1259713
"Broome",2010,1,"New York","Non-New York City",36007,2,2,1,1404616
"Broome",2011,1,"New York","Non-New York City",36007,2,2,1,1782568
"Broome",2012,1,"New York","Non-New York City",36007,2,2,1,734246
"Broome",2013,1,"New York","Non-New York City",36007,2,2,1,904712
"Broome",2014,1,"New York","Non-New York City",36007,2,2,1,1186359
"Broome",2015,1,"New York","Non-New York City",36007,2,2,1,657684
"Broome",2016,1,"New York","Non-New York City",36007,2,2,1,536171
"Broome",2017,1,"New York","Non-New York City",36007,2,2,1,713358
"Broome",2018,1,"New York","Non-New York City",36007,2,2,1,936519
"Broome",2019,1,"New York","Non-New York City",36007,2,2,1,4875364
"Broome",2020,1,"New York","Non-New York City",36007,2,2,1,NA
"Cattaraugus",2000,1,"New York","Non-New York City",36009,4,3,0,54254
"Cattaraugus",2001,1,"New York","Non-New York City",36009,4,3,0,379271
"Cattaraugus",2002,1,"New York","Non-New York City",36009,4,3,0,302101
"Cattaraugus",2003,1,"New York","Non-New York City",36009,4,3,0,219003
"Cattaraugus",2004,1,"New York","Non-New York City",36009,4,3,0,467934
"Cattaraugus",2005,1,"New York","Non-New York City",36009,4,3,0,244948
"Cattaraugus",2006,1,"New York","Non-New York City",36009,4,3,0,179855
"Cattaraugus",2007,1,"New York","Non-New York City",36009,4,3,0,297666
"Cattaraugus",2008,1,"New York","Non-New York City",36009,4,3,0,240384
"Cattaraugus",2009,1,"New York","Non-New York City",36009,4,3,0,443390
"Cattaraugus",2010,1,"New York","Non-New York City",36009,4,3,0,320354
"Cattaraugus",2011,1,"New York","Non-New York City",36009,4,3,0,338022
"Cattaraugus",2012,1,"New York","Non-New York City",36009,4,3,0,281235
"Cattaraugus",2013,1,"New York","Non-New York City",36009,4,3,0,408610
"Cattaraugus",2014,1,"New York","Non-New York City",36009,4,3,0,384991
"Cattaraugus",2015,1,"New York","Non-New York City",36009,4,3,0,336993
"Cattaraugus",2016,1,"New York","Non-New York City",36009,4,3,0,315283
"Cattaraugus",2017,1,"New York","Non-New York City",36009,4,3,0,321470
"Cattaraugus",2018,1,"New York","Non-New York City",36009,4,3,0,417989
"Cattaraugus",2019,1,"New York","Non-New York City",36009,4,3,0,1197224
"Cattaraugus",2020,1,"New York","Non-New York City",36009,4,3,0,NA
"Cayuga",2000,1,"New York","Non-New York City",36011,4,5,0,745340
"Cayuga",2001,1,"New York","Non-New York City",36011,4,5,0,273445
"Cayuga",2002,1,"New York","Non-New York City",36011,4,5,0,263952
"Cayuga",2003,1,"New York","Non-New York City",36011,4,5,0,592729
"Cayuga",2004,1,"New York","Non-New York City",36011,4,5,0,304841
"Cayuga",2005,1,"New York","Non-New York City",36011,4,5,0,269041
"Cayuga",2006,1,"New York","Non-New York City",36011,4,5,0,316600
"Cayuga",2007,1,"New York","Non-New York City",36011,4,5,0,119138
"Cayuga",2008,1,"New York","Non-New York City",36011,4,5,0,475714
"Cayuga",2009,1,"New York","Non-New York City",36011,4,5,0,549530
"Cayuga",2010,1,"New York","Non-New York City",36011,4,5,0,252060
"Cayuga",2011,1,"New York","Non-New York City",36011,4,5,0,503140
"Cayuga",2012,1,"New York","Non-New York City",36011,4,5,0,164893
"Cayuga",2013,1,"New York","Non-New York City",36011,4,5,0,135694
"Cayuga",2014,1,"New York","Non-New York City",36011,4,5,0,370761
"Cayuga",2015,1,"New York","Non-New York City",36011,4,5,0,669833
"Cayuga",2016,1,"New York","Non-New York City",36011,4,5,0,289877
"Cayuga",2017,1,"New York","Non-New York City",36011,4,5,0,182264
"Cayuga",2018,1,"New York","Non-New York City",36011,4,5,0,225544
"Cayuga",2019,1,"New York","Non-New York City",36011,4,5,0,1486778
"Cayuga",2020,1,"New York","Non-New York City",36011,4,5,0,NA
"Chautauqua",2000,1,"New York","Non-New York City",36013,4,3,0,326266
"Chautauqua",2001,1,"New York","Non-New York City",36013,4,3,0,746613
"Chautauqua",2002,1,"New York","Non-New York City",36013,4,3,0,707237
"Chautauqua",2003,1,"New York","Non-New York City",36013,4,3,0,664150
"Chautauqua",2004,1,"New York","Non-New York City",36013,4,3,0,665233
"Chautauqua",2005,1,"New York","Non-New York City",36013,4,3,0,806351
"Chautauqua",2006,1,"New York","Non-New York City",36013,4,3,0,475111
"Chautauqua",2007,1,"New York","Non-New York City",36013,4,3,0,748091
"Chautauqua",2008,1,"New York","Non-New York City",36013,4,3,0,729552
"Chautauqua",2009,1,"New York","Non-New York City",36013,4,3,0,1243319
"Chautauqua",2010,1,"New York","Non-New York City",36013,4,3,0,891440
"Chautauqua",2011,1,"New York","Non-New York City",36013,4,3,0,681628
"Chautauqua",2012,1,"New York","Non-New York City",36013,4,3,0,607284
"Chautauqua",2013,1,"New York","Non-New York City",36013,4,3,0,1167777
"Chautauqua",2014,1,"New York","Non-New York City",36013,4,3,0,1148593
"Chautauqua",2015,1,"New York","Non-New York City",36013,4,3,0,1247567
"Chautauqua",2016,1,"New York","Non-New York City",36013,4,3,0,1070142
"Chautauqua",2017,1,"New York","Non-New York City",36013,4,3,0,967002
"Chautauqua",2018,1,"New York","Non-New York City",36013,4,3,0,863235
"Chautauqua",2019,1,"New York","Non-New York City",36013,4,3,0,2942324
"Chautauqua",2020,1,"New York","Non-New York City",36013,4,3,0,NA
"Chemung",2000,1,"New York","Non-New York City",36015,3,2,1,446652
"Chemung",2001,1,"New York","Non-New York City",36015,3,2,1,1482667
"Chemung",2002,1,"New York","Non-New York City",36015,3,2,1,1183114
"Chemung",2003,1,"New York","Non-New York City",36015,3,2,1,479184
"Chemung",2004,1,"New York","Non-New York City",36015,3,2,1,1510710
"Chemung",2005,1,"New York","Non-New York City",36015,3,2,1,980198
"Chemung",2006,1,"New York","Non-New York City",36015,3,2,1,452427
"Chemung",2007,1,"New York","Non-New York City",36015,3,2,1,456470
"Chemung",2008,1,"New York","Non-New York City",36015,3,2,1,1000207
"Chemung",2009,1,"New York","Non-New York City",36015,3,2,1,507101
"Chemung",2010,1,"New York","Non-New York City",36015,3,2,1,2138520
"Chemung",2011,1,"New York","Non-New York City",36015,3,2,1,927106
"Chemung",2012,1,"New York","Non-New York City",36015,3,2,1,130821
"Chemung",2013,1,"New York","Non-New York City",36015,3,2,1,1962936
"Chemung",2014,1,"New York","Non-New York City",36015,3,2,1,1054397
"Chemung",2015,1,"New York","Non-New York City",36015,3,2,1,380481
"Chemung",2016,1,"New York","Non-New York City",36015,3,2,1,2069679
"Chemung",2017,1,"New York","Non-New York City",36015,3,2,1,1254648
"Chemung",2018,1,"New York","Non-New York City",36015,3,2,1,522362
"Chemung",2019,1,"New York","Non-New York City",36015,3,2,1,3763233
"Chemung",2020,1,"New York","Non-New York City",36015,3,2,1,NA
"Chenango",2000,1,"New York","Non-New York City",36017,6,6,0,165933
"Chenango",2001,1,"New York","Non-New York City",36017,6,6,0,143672
"Chenango",2002,1,"New York","Non-New York City",36017,6,6,0,228617
"Chenango",2003,1,"New York","Non-New York City",36017,6,6,0,242891
"Chenango",2004,1,"New York","Non-New York City",36017,6,6,0,211801
"Chenango",2005,1,"New York","Non-New York City",36017,6,6,0,266914
"Chenango",2006,1,"New York","Non-New York City",36017,6,6,0,155513
"Chenango",2007,1,"New York","Non-New York City",36017,6,6,0,261972
"Chenango",2008,1,"New York","Non-New York City",36017,6,6,0,219647
"Chenango",2009,1,"New York","Non-New York City",36017,6,6,0,188228
"Chenango",2010,1,"New York","Non-New York City",36017,6,6,0,103793
"Chenango",2011,1,"New York","Non-New York City",36017,6,6,0,155690
"Chenango",2012,1,"New York","Non-New York City",36017,6,6,0,198291
"Chenango",2013,1,"New York","Non-New York City",36017,6,6,0,150735
"Chenango",2014,1,"New York","Non-New York City",36017,6,6,0,183070
"Chenango",2015,1,"New York","Non-New York City",36017,6,6,0,112401
"Chenango",2016,1,"New York","Non-New York City",36017,6,6,0,146607
"Chenango",2017,1,"New York","Non-New York City",36017,6,6,0,80525
"Chenango",2018,1,"New York","Non-New York City",36017,6,6,0,114461
"Chenango",2019,1,"New York","Non-New York City",36017,6,6,0,609734
"Chenango",2020,1,"New York","Non-New York City",36017,6,6,0,NA
"Clinton",2000,1,"New York","Non-New York City",36019,5,8,0,365165
"Clinton",2001,1,"New York","Non-New York City",36019,5,8,0,243901
"Clinton",2002,1,"New York","Non-New York City",36019,5,8,0,314158
"Clinton",2003,1,"New York","Non-New York City",36019,5,8,0,381557
"Clinton",2004,1,"New York","Non-New York City",36019,5,8,0,461625
"Clinton",2005,1,"New York","Non-New York City",36019,5,8,0,295604
"Clinton",2006,1,"New York","Non-New York City",36019,5,8,0,313166
"Clinton",2007,1,"New York","Non-New York City",36019,5,8,0,402716
"Clinton",2008,1,"New York","Non-New York City",36019,5,8,0,439027
"Clinton",2009,1,"New York","Non-New York City",36019,5,8,0,425562
"Clinton",2010,1,"New York","Non-New York City",36019,5,8,0,314123
"Clinton",2011,1,"New York","Non-New York City",36019,5,8,0,278659
"Clinton",2012,1,"New York","Non-New York City",36019,5,8,0,344123
"Clinton",2013,1,"New York","Non-New York City",36019,5,8,0,162413
"Clinton",2014,1,"New York","Non-New York City",36019,5,8,0,180669
"Clinton",2015,1,"New York","Non-New York City",36019,5,8,0,325394
"Clinton",2016,1,"New York","Non-New York City",36019,5,8,0,357605
"Clinton",2017,1,"New York","Non-New York City",36019,5,8,0,287540
"Clinton",2018,1,"New York","Non-New York City",36019,5,8,0,233312
"Clinton",2019,1,"New York","Non-New York City",36019,5,8,0,1194506
"Clinton",2020,1,"New York","Non-New York City",36019,5,8,0,NA
"Columbia",2000,1,"New York","Non-New York City",36021,6,3,0,100683
"Columbia",2001,1,"New York","Non-New York City",36021,6,3,0,165957
"Columbia",2002,1,"New York","Non-New York City",36021,6,3,0,342318
"Columbia",2003,1,"New York","Non-New York City",36021,6,3,0,100547
"Columbia",2004,1,"New York","Non-New York City",36021,6,3,0,114205
"Columbia",2005,1,"New York","Non-New York City",36021,6,3,0,369062
"Columbia",2006,1,"New York","Non-New York City",36021,6,3,0,82224
"Columbia",2007,1,"New York","Non-New York City",36021,6,3,0,135003
"Columbia",2008,1,"New York","Non-New York City",36021,6,3,0,242394
"Columbia",2009,1,"New York","Non-New York City",36021,6,3,0,235325
"Columbia",2010,1,"New York","Non-New York City",36021,6,3,0,184875
"Columbia",2011,1,"New York","Non-New York City",36021,6,3,0,210561
"Columbia",2012,1,"New York","Non-New York City",36021,6,3,0,76488
"Columbia",2013,1,"New York","Non-New York City",36021,6,3,0,128116
"Columbia",2014,1,"New York","Non-New York City",36021,6,3,0,210439
"Columbia",2015,1,"New York","Non-New York City",36021,6,3,0,277646
"Columbia",2016,1,"New York","Non-New York City",36021,6,3,0,182794
"Columbia",2017,1,"New York","Non-New York City",36021,6,3,0,55637
"Columbia",2018,1,"New York","Non-New York City",36021,6,3,0,179041
"Columbia",2019,1,"New York","Non-New York City",36021,6,3,0,675673
"Columbia",2020,1,"New York","Non-New York City",36021,6,3,0,NA
"Cortland",2000,1,"New York","Non-New York City",36023,4,5,0,144355
"Cortland",2001,1,"New York","Non-New York City",36023,4,5,0,226434
"Cortland",2002,1,"New York","Non-New York City",36023,4,5,0,197583
"Cortland",2003,1,"New York","Non-New York City",36023,4,5,0,96690
"Cortland",2004,1,"New York","Non-New York City",36023,4,5,0,246867
"Cortland",2005,1,"New York","Non-New York City",36023,4,5,0,261313
"Cortland",2006,1,"New York","Non-New York City",36023,4,5,0,265263
"Cortland",2007,1,"New York","Non-New York City",36023,4,5,0,144231
"Cortland",2008,1,"New York","Non-New York City",36023,4,5,0,311470
"Cortland",2009,1,"New York","Non-New York City",36023,4,5,0,308800
"Cortland",2010,1,"New York","Non-New York City",36023,4,5,0,179374
"Cortland",2011,1,"New York","Non-New York City",36023,4,5,0,352947
"Cortland",2012,1,"New York","Non-New York City",36023,4,5,0,41527
"Cortland",2013,1,"New York","Non-New York City",36023,4,5,0,108013
"Cortland",2014,1,"New York","Non-New York City",36023,4,5,0,109611
"Cortland",2015,1,"New York","Non-New York City",36023,4,5,0,371710
"Cortland",2016,1,"New York","Non-New York City",36023,4,5,0,119273
"Cortland",2017,1,"New York","Non-New York City",36023,4,5,0,161058
"Cortland",2018,1,"New York","Non-New York City",36023,4,5,0,179705
"Cortland",2019,1,"New York","Non-New York City",36023,4,5,0,982061
"Cortland",2020,1,"New York","Non-New York City",36023,4,5,0,NA
"Delaware",2000,1,"New York","Non-New York City",36025,6,6,0,71275
"Delaware",2001,1,"New York","Non-New York City",36025,6,6,0,136944
"Delaware",2002,1,"New York","Non-New York City",36025,6,6,0,161338
"Delaware",2003,1,"New York","Non-New York City",36025,6,6,0,57852
"Delaware",2004,1,"New York","Non-New York City",36025,6,6,0,143712
"Delaware",2005,1,"New York","Non-New York City",36025,6,6,0,166463
"Delaware",2006,1,"New York","Non-New York City",36025,6,6,0,90233
"Delaware",2007,1,"New York","Non-New York City",36025,6,6,0,107622
"Delaware",2008,1,"New York","Non-New York City",36025,6,6,0,98735
"Delaware",2009,1,"New York","Non-New York City",36025,6,6,0,196693
"Delaware",2010,1,"New York","Non-New York City",36025,6,6,0,116729
"Delaware",2011,1,"New York","Non-New York City",36025,6,6,0,84272
"Delaware",2012,1,"New York","Non-New York City",36025,6,6,0,13806
"Delaware",2013,1,"New York","Non-New York City",36025,6,6,0,68660
"Delaware",2014,1,"New York","Non-New York City",36025,6,6,0,68930
"Delaware",2015,1,"New York","Non-New York City",36025,6,6,0,137616
"Delaware",2016,1,"New York","Non-New York City",36025,6,6,0,104753
"Delaware",2017,1,"New York","Non-New York City",36025,6,6,0,72414
"Delaware",2018,1,"New York","Non-New York City",36025,6,6,0,63057
"Delaware",2019,1,"New York","Non-New York City",36025,6,6,0,466989
"Delaware",2020,1,"New York","Non-New York City",36025,6,6,0,NA
"Dutchess",2000,1,"New York","Non-New York City",36027,1,1,1,927188
"Dutchess",2001,1,"New York","Non-New York City",36027,1,1,1,731682
"Dutchess",2002,1,"New York","Non-New York City",36027,1,1,1,1391969
"Dutchess",2003,1,"New York","Non-New York City",36027,1,1,1,419369
"Dutchess",2004,1,"New York","Non-New York City",36027,1,1,1,627451
"Dutchess",2005,1,"New York","Non-New York City",36027,1,1,1,1714091
"Dutchess",2006,1,"New York","Non-New York City",36027,1,1,1,1019300
"Dutchess",2007,1,"New York","Non-New York City",36027,1,1,1,1100279
"Dutchess",2008,1,"New York","Non-New York City",36027,1,1,1,1774062
"Dutchess",2009,1,"New York","Non-New York City",36027,1,1,1,1523878
"Dutchess",2010,1,"New York","Non-New York City",36027,1,1,1,1086040
"Dutchess",2011,1,"New York","Non-New York City",36027,1,1,1,1366212
"Dutchess",2012,1,"New York","Non-New York City",36027,1,1,1,1262319
"Dutchess",2013,1,"New York","Non-New York City",36027,1,1,1,1373593
"Dutchess",2014,1,"New York","Non-New York City",36027,1,1,1,1561680
"Dutchess",2015,1,"New York","Non-New York City",36027,1,1,1,2020648
"Dutchess",2016,1,"New York","Non-New York City",36027,1,1,1,1064365
"Dutchess",2017,1,"New York","Non-New York City",36027,1,1,1,515491
"Dutchess",2018,1,"New York","Non-New York City",36027,1,1,1,1099269
"Dutchess",2019,1,"New York","Non-New York City",36027,1,1,1,5167452
"Dutchess",2020,1,"New York","Non-New York City",36027,1,1,1,NA
"Erie",2000,1,"New York","Non-New York City",36029,1,1,1,2660668
"Erie",2001,1,"New York","Non-New York City",36029,1,1,1,5563612
"Erie",2002,1,"New York","Non-New York City",36029,1,1,1,4614774
"Erie",2003,1,"New York","Non-New York City",36029,1,1,1,5962301
"Erie",2004,1,"New York","Non-New York City",36029,1,1,1,6819022
"Erie",2005,1,"New York","Non-New York City",36029,1,1,1,7495691
"Erie",2006,1,"New York","Non-New York City",36029,1,1,1,5022025
"Erie",2007,1,"New York","Non-New York City",36029,1,1,1,7694342
"Erie",2008,1,"New York","Non-New York City",36029,1,1,1,7076778
"Erie",2009,1,"New York","Non-New York City",36029,1,1,1,5737220
"Erie",2010,1,"New York","Non-New York City",36029,1,1,1,6936633
"Erie",2011,1,"New York","Non-New York City",36029,1,1,1,7977809
"Erie",2012,1,"New York","Non-New York City",36029,1,1,1,7279985
"Erie",2013,1,"New York","Non-New York City",36029,1,1,1,6675773
"Erie",2014,1,"New York","Non-New York City",36029,1,1,1,6274035
"Erie",2015,1,"New York","Non-New York City",36029,1,1,1,6771159
"Erie",2016,1,"New York","Non-New York City",36029,1,1,1,10438763
"Erie",2017,1,"New York","Non-New York City",36029,1,1,1,6708419
"Erie",2018,1,"New York","Non-New York City",36029,1,1,1,5783538
"Erie",2019,1,"New York","Non-New York City",36029,1,1,1,25959663
"Erie",2020,1,"New York","Non-New York City",36029,1,1,1,NA
"Essex",2000,1,"New York","Non-New York City",36031,6,6,0,52401
"Essex",2001,1,"New York","Non-New York City",36031,6,6,0,171141
"Essex",2002,1,"New York","Non-New York City",36031,6,6,0,65784
"Essex",2003,1,"New York","Non-New York City",36031,6,6,0,74950
"Essex",2004,1,"New York","Non-New York City",36031,6,6,0,93964
"Essex",2005,1,"New York","Non-New York City",36031,6,6,0,80631
"Essex",2006,1,"New York","Non-New York City",36031,6,6,0,77855
"Essex",2007,1,"New York","Non-New York City",36031,6,6,0,98940
"Essex",2008,1,"New York","Non-New York City",36031,6,6,0,58876
"Essex",2009,1,"New York","Non-New York City",36031,6,6,0,86803
"Essex",2010,1,"New York","Non-New York City",36031,6,6,0,113558
"Essex",2011,1,"New York","Non-New York City",36031,6,6,0,92893
"Essex",2012,1,"New York","Non-New York City",36031,6,6,0,15376
"Essex",2013,1,"New York","Non-New York City",36031,6,6,0,19209
"Essex",2014,1,"New York","Non-New York City",36031,6,6,0,133977
"Essex",2015,1,"New York","Non-New York City",36031,6,6,0,64890
"Essex",2016,1,"New York","Non-New York City",36031,6,6,0,100004
"Essex",2017,1,"New York","Non-New York City",36031,6,6,0,39027
"Essex",2018,1,"New York","Non-New York City",36031,6,6,0,115823
"Essex",2019,1,"New York","Non-New York City",36031,6,6,0,377765
"Essex",2020,1,"New York","Non-New York City",36031,6,6,0,NA
"Franklin",2000,1,"New York","Non-New York City",36033,7,8,0,142834
"Franklin",2001,1,"New York","Non-New York City",36033,7,8,0,136299
"Franklin",2002,1,"New York","Non-New York City",36033,7,8,0,117645
"Franklin",2003,1,"New York","Non-New York City",36033,7,8,0,109363
"Franklin",2004,1,"New York","Non-New York City",36033,7,8,0,216699
"Franklin",2005,1,"New York","Non-New York City",36033,7,8,0,134527
"Franklin",2006,1,"New York","Non-New York City",36033,7,8,0,119351
"Franklin",2007,1,"New York","Non-New York City",36033,7,8,0,173818
"Franklin",2008,1,"New York","Non-New York City",36033,7,8,0,108954
"Franklin",2009,1,"New York","Non-New York City",36033,7,8,0,191457
"Franklin",2010,1,"New York","Non-New York City",36033,7,8,0,213145
"Franklin",2011,1,"New York","Non-New York City",36033,7,8,0,187486
"Franklin",2012,1,"New York","Non-New York City",36033,7,8,0,35899
"Franklin",2013,1,"New York","Non-New York City",36033,7,8,0,98830
"Franklin",2014,1,"New York","Non-New York City",36033,7,8,0,113626
"Franklin",2015,1,"New York","Non-New York City",36033,7,8,0,177986
"Franklin",2016,1,"New York","Non-New York City",36033,7,8,0,145190
"Franklin",2017,1,"New York","Non-New York City",36033,7,8,0,74264
"Franklin",2018,1,"New York","Non-New York City",36033,7,8,0,93338
"Franklin",2019,1,"New York","Non-New York City",36033,7,8,0,556804
"Franklin",2020,1,"New York","Non-New York City",36033,7,8,0,NA
"Fulton",2000,1,"New York","Non-New York City",36035,4,5,0,170528
"Fulton",2001,1,"New York","Non-New York City",36035,4,5,0,224135
"Fulton",2002,1,"New York","Non-New York City",36035,4,5,0,199152
"Fulton",2003,1,"New York","Non-New York City",36035,4,5,0,96855
"Fulton",2004,1,"New York","Non-New York City",36035,4,5,0,341881
"Fulton",2005,1,"New York","Non-New York City",36035,4,5,0,253735
"Fulton",2006,1,"New York","Non-New York City",36035,4,5,0,124475
"Fulton",2007,1,"New York","Non-New York City",36035,4,5,0,367391
"Fulton",2008,1,"New York","Non-New York City",36035,4,5,0,209930
"Fulton",2009,1,"New York","Non-New York City",36035,4,5,0,297821
"Fulton",2010,1,"New York","Non-New York City",36035,4,5,0,334012
"Fulton",2011,1,"New York","Non-New York City",36035,4,5,0,173110
"Fulton",2012,1,"New York","Non-New York City",36035,4,5,0,250855
"Fulton",2013,1,"New York","Non-New York City",36035,4,5,0,248903
"Fulton",2014,1,"New York","Non-New York City",36035,4,5,0,164652
"Fulton",2015,1,"New York","Non-New York City",36035,4,5,0,371770
"Fulton",2016,1,"New York","Non-New York City",36035,4,5,0,375327
"Fulton",2017,1,"New York","Non-New York City",36035,4,5,0,13810
"Fulton",2018,1,"New York","Non-New York City",36035,4,5,0,232476
"Fulton",2019,1,"New York","Non-New York City",36035,4,5,0,909502
"Fulton",2020,1,"New York","Non-New York City",36035,4,5,0,NA
"Genesee",2000,1,"New York","Non-New York City",36037,4,3,0,394818
"Genesee",2001,1,"New York","Non-New York City",36037,4,3,0,406553
"Genesee",2002,1,"New York","Non-New York City",36037,4,3,0,418322
"Genesee",2003,1,"New York","Non-New York City",36037,4,3,0,379617
"Genesee",2004,1,"New York","Non-New York City",36037,4,3,0,370886
"Genesee",2005,1,"New York","Non-New York City",36037,4,3,0,597307
"Genesee",2006,1,"New York","Non-New York City",36037,4,3,0,372944
"Genesee",2007,1,"New York","Non-New York City",36037,4,3,0,326966
"Genesee",2008,1,"New York","Non-New York City",36037,4,3,0,427306
"Genesee",2009,1,"New York","Non-New York City",36037,4,3,0,1472548
"Genesee",2010,1,"New York","Non-New York City",36037,4,3,0,361397
"Genesee",2011,1,"New York","Non-New York City",36037,4,3,0,345417
"Genesee",2012,1,"New York","Non-New York City",36037,4,3,0,154080
"Genesee",2013,1,"New York","Non-New York City",36037,4,3,0,206245
"Genesee",2014,1,"New York","Non-New York City",36037,4,3,0,1123749
"Genesee",2015,1,"New York","Non-New York City",36037,4,3,0,501942
"Genesee",2016,1,"New York","Non-New York City",36037,4,3,0,389504
"Genesee",2017,1,"New York","Non-New York City",36037,4,3,0,1072770
"Genesee",2018,1,"New York","Non-New York City",36037,4,3,0,167457
"Genesee",2019,1,"New York","Non-New York City",36037,4,3,0,1710164
"Genesee",2020,1,"New York","Non-New York City",36037,4,3,0,NA
"Greene",2000,1,"New York","Non-New York City",36039,6,6,0,283368
"Greene",2001,1,"New York","Non-New York City",36039,6,6,0,235255
"Greene",2002,1,"New York","Non-New York City",36039,6,6,0,189532
"Greene",2003,1,"New York","Non-New York City",36039,6,6,0,267641
"Greene",2004,1,"New York","Non-New York City",36039,6,6,0,226910
"Greene",2005,1,"New York","Non-New York City",36039,6,6,0,224024
"Greene",2006,1,"New York","Non-New York City",36039,6,6,0,228105
"Greene",2007,1,"New York","Non-New York City",36039,6,6,0,260894
"Greene",2008,1,"New York","Non-New York City",36039,6,6,0,174074
"Greene",2009,1,"New York","Non-New York City",36039,6,6,0,209611
"Greene",2010,1,"New York","Non-New York City",36039,6,6,0,348826
"Greene",2011,1,"New York","Non-New York City",36039,6,6,0,198998
"Greene",2012,1,"New York","Non-New York City",36039,6,6,0,127303
"Greene",2013,1,"New York","Non-New York City",36039,6,6,0,302612
"Greene",2014,1,"New York","Non-New York City",36039,6,6,0,163338
"Greene",2015,1,"New York","Non-New York City",36039,6,6,0,205180
"Greene",2016,1,"New York","Non-New York City",36039,6,6,0,343963
"Greene",2017,1,"New York","Non-New York City",36039,6,6,0,68208
"Greene",2018,1,"New York","Non-New York City",36039,6,6,0,186727
"Greene",2019,1,"New York","Non-New York City",36039,6,6,0,582950
"Greene",2020,1,"New York","Non-New York City",36039,6,6,0,NA
"Hamilton",2000,1,"New York","Non-New York City",36041,8,7,0,11620
"Hamilton",2001,1,"New York","Non-New York City",36041,8,7,0,12244
"Hamilton",2002,1,"New York","Non-New York City",36041,8,7,0,11008
"Hamilton",2003,1,"New York","Non-New York City",36041,8,7,0,2894
"Hamilton",2004,1,"New York","Non-New York City",36041,8,7,0,11850
"Hamilton",2005,1,"New York","Non-New York City",36041,8,7,0,15175
"Hamilton",2006,1,"New York","Non-New York City",36041,8,7,0,11511
"Hamilton",2007,1,"New York","Non-New York City",36041,8,7,0,11221
"Hamilton",2008,1,"New York","Non-New York City",36041,8,7,0,10900
"Hamilton",2009,1,"New York","Non-New York City",36041,8,7,0,30209
"Hamilton",2010,1,"New York","Non-New York City",36041,8,7,0,22250
"Hamilton",2011,1,"New York","Non-New York City",36041,8,7,0,9474
"Hamilton",2012,1,"New York","Non-New York City",36041,8,7,0,7528
"Hamilton",2013,1,"New York","Non-New York City",36041,8,7,0,14806
"Hamilton",2014,1,"New York","Non-New York City",36041,8,7,0,4811
"Hamilton",2015,1,"New York","Non-New York City",36041,8,7,0,3155
"Hamilton",2016,1,"New York","Non-New York City",36041,8,7,0,30789
"Hamilton",2017,1,"New York","Non-New York City",36041,8,7,0,4424
"Hamilton",2018,1,"New York","Non-New York City",36041,8,7,0,11042
"Hamilton",2019,1,"New York","Non-New York City",36041,8,7,0,43751
"Hamilton",2020,1,"New York","Non-New York City",36041,8,7,0,NA
"Herkimer",2000,1,"New York","Non-New York City",36043,2,2,1,451697
"Herkimer",2001,1,"New York","Non-New York City",36043,2,2,1,246437
"Herkimer",2002,1,"New York","Non-New York City",36043,2,2,1,394032
"Herkimer",2003,1,"New York","Non-New York City",36043,2,2,1,413240
"Herkimer",2004,1,"New York","Non-New York City",36043,2,2,1,247299
"Herkimer",2005,1,"New York","Non-New York City",36043,2,2,1,475322
"Herkimer",2006,1,"New York","Non-New York City",36043,2,2,1,359870
"Herkimer",2007,1,"New York","Non-New York City",36043,2,2,1,591052
"Herkimer",2008,1,"New York","Non-New York City",36043,2,2,1,278663
"Herkimer",2009,1,"New York","Non-New York City",36043,2,2,1,331208
"Herkimer",2010,1,"New York","Non-New York City",36043,2,2,1,730690
"Herkimer",2011,1,"New York","Non-New York City",36043,2,2,1,305120
"Herkimer",2012,1,"New York","Non-New York City",36043,2,2,1,542794
"Herkimer",2013,1,"New York","Non-New York City",36043,2,2,1,369206
"Herkimer",2014,1,"New York","Non-New York City",36043,2,2,1,211642
"Herkimer",2015,1,"New York","Non-New York City",36043,2,2,1,259202
"Herkimer",2016,1,"New York","Non-New York City",36043,2,2,1,591706
"Herkimer",2017,1,"New York","Non-New York City",36043,2,2,1,184582
"Herkimer",2018,1,"New York","Non-New York City",36043,2,2,1,196824
"Herkimer",2019,1,"New York","Non-New York City",36043,2,2,1,1199227
"Herkimer",2020,1,"New York","Non-New York City",36043,2,2,1,NA
"Jefferson",2000,1,"New York","Non-New York City",36045,3,2,1,1165732
"Jefferson",2001,1,"New York","Non-New York City",36045,3,2,1,475458
"Jefferson",2002,1,"New York","Non-New York City",36045,3,2,1,849860
"Jefferson",2003,1,"New York","Non-New York City",36045,3,2,1,802225
"Jefferson",2004,1,"New York","Non-New York City",36045,3,2,1,1236569
"Jefferson",2005,1,"New York","Non-New York City",36045,3,2,1,413286
"Jefferson",2006,1,"New York","Non-New York City",36045,3,2,1,489171
"Jefferson",2007,1,"New York","Non-New York City",36045,3,2,1,451686
"Jefferson",2008,1,"New York","Non-New York City",36045,3,2,1,301877
"Jefferson",2009,1,"New York","Non-New York City",36045,3,2,1,1475387
"Jefferson",2010,1,"New York","Non-New York City",36045,3,2,1,63245
"Jefferson",2011,1,"New York","Non-New York City",36045,3,2,1,602707
"Jefferson",2012,1,"New York","Non-New York City",36045,3,2,1,130015
"Jefferson",2013,1,"New York","Non-New York City",36045,3,2,1,305878
"Jefferson",2014,1,"New York","Non-New York City",36045,3,2,1,524197
"Jefferson",2015,1,"New York","Non-New York City",36045,3,2,1,919189
"Jefferson",2016,1,"New York","Non-New York City",36045,3,2,1,319462
"Jefferson",2017,1,"New York","Non-New York City",36045,3,2,1,189146
"Jefferson",2018,1,"New York","Non-New York City",36045,3,2,1,680731
"Jefferson",2019,1,"New York","Non-New York City",36045,3,2,1,2485038
"Jefferson",2020,1,"New York","Non-New York City",36045,3,2,1,NA
"Kings",2000,1,"New York","New York City",36047,1,1,1,3624458
"Kings",2001,1,"New York","New York City",36047,1,1,1,4348053
"Kings",2002,1,"New York","New York City",36047,1,1,1,3037493
"Kings",2003,1,"New York","New York City",36047,1,1,1,3399162
"Kings",2004,1,"New York","New York City",36047,1,1,1,6623785
"Kings",2005,1,"New York","New York City",36047,1,1,1,3395806
"Kings",2006,1,"New York","New York City",36047,1,1,1,2377321
"Kings",2007,1,"New York","New York City",36047,1,1,1,3952566
"Kings",2008,1,"New York","New York City",36047,1,1,1,4882288
"Kings",2009,1,"New York","New York City",36047,1,1,1,5059070
"Kings",2010,1,"New York","New York City",36047,1,1,1,3810244
"Kings",2011,1,"New York","New York City",36047,1,1,1,9761246
"Kings",2012,1,"New York","New York City",36047,1,1,1,775926
"Kings",2013,1,"New York","New York City",36047,1,1,1,2872131
"Kings",2014,1,"New York","New York City",36047,1,1,1,2604688
"Kings",2015,1,"New York","New York City",36047,1,1,1,2115142
"Kings",2016,1,"New York","New York City",36047,1,1,1,3601408
"Kings",2017,1,"New York","New York City",36047,1,1,1,7192149
"Kings",2018,1,"New York","New York City",36047,1,1,1,2091713
"Kings",2019,1,"New York","New York City",36047,1,1,1,16809285
"Kings",2020,1,"New York","New York City",36047,1,1,1,NA
"Lewis",2000,1,"New York","Non-New York City",36049,6,6,0,97734
"Lewis",2001,1,"New York","Non-New York City",36049,6,6,0,57824
"Lewis",2002,1,"New York","Non-New York City",36049,6,6,0,51973
"Lewis",2003,1,"New York","Non-New York City",36049,6,6,0,69444
"Lewis",2004,1,"New York","Non-New York City",36049,6,6,0,64629
"Lewis",2005,1,"New York","Non-New York City",36049,6,6,0,73739
"Lewis",2006,1,"New York","Non-New York City",36049,6,6,0,66377
"Lewis",2007,1,"New York","Non-New York City",36049,6,6,0,83076
"Lewis",2008,1,"New York","Non-New York City",36049,6,6,0,66028
"Lewis",2009,1,"New York","Non-New York City",36049,6,6,0,86898
"Lewis",2010,1,"New York","Non-New York City",36049,6,6,0,76503
"Lewis",2011,1,"New York","Non-New York City",36049,6,6,0,62427
"Lewis",2012,1,"New York","Non-New York City",36049,6,6,0,12099
"Lewis",2013,1,"New York","Non-New York City",36049,6,6,0,52279
"Lewis",2014,1,"New York","Non-New York City",36049,6,6,0,63655
"Lewis",2015,1,"New York","Non-New York City",36049,6,6,0,103054
"Lewis",2016,1,"New York","Non-New York City",36049,6,6,0,85839
"Lewis",2017,1,"New York","Non-New York City",36049,6,6,0,19163
"Lewis",2018,1,"New York","Non-New York City",36049,6,6,0,56100
"Lewis",2019,1,"New York","Non-New York City",36049,6,6,0,290199
"Lewis",2020,1,"New York","Non-New York City",36049,6,6,0,NA
"Livingston",2000,1,"New York","Non-New York City",36051,1,1,1,308989
"Livingston",2001,1,"New York","Non-New York City",36051,1,1,1,225552
"Livingston",2002,1,"New York","Non-New York City",36051,1,1,1,258678
"Livingston",2003,1,"New York","Non-New York City",36051,1,1,1,180083
"Livingston",2004,1,"New York","Non-New York City",36051,1,1,1,267255
"Livingston",2005,1,"New York","Non-New York City",36051,1,1,1,272471
"Livingston",2006,1,"New York","Non-New York City",36051,1,1,1,329745
"Livingston",2007,1,"New York","Non-New York City",36051,1,1,1,250184
"Livingston",2008,1,"New York","Non-New York City",36051,1,1,1,154034
"Livingston",2009,1,"New York","Non-New York City",36051,1,1,1,333157
"Livingston",2010,1,"New York","Non-New York City",36051,1,1,1,188525
"Livingston",2011,1,"New York","Non-New York City",36051,1,1,1,57741
"Livingston",2012,1,"New York","Non-New York City",36051,1,1,1,64016
"Livingston",2013,1,"New York","Non-New York City",36051,1,1,1,262537
"Livingston",2014,1,"New York","Non-New York City",36051,1,1,1,205090
"Livingston",2015,1,"New York","Non-New York City",36051,1,1,1,242871
"Livingston",2016,1,"New York","Non-New York City",36051,1,1,1,314480
"Livingston",2017,1,"New York","Non-New York City",36051,1,1,1,314652
"Livingston",2018,1,"New York","Non-New York City",36051,1,1,1,206760
"Livingston",2019,1,"New York","Non-New York City",36051,1,1,1,881290
"Livingston",2020,1,"New York","Non-New York City",36051,1,1,1,NA
"Madison",2000,1,"New York","Non-New York City",36053,2,2,1,320558
"Madison",2001,1,"New York","Non-New York City",36053,2,2,1,174152
"Madison",2002,1,"New York","Non-New York City",36053,2,2,1,248042
"Madison",2003,1,"New York","Non-New York City",36053,2,2,1,479071
"Madison",2004,1,"New York","Non-New York City",36053,2,2,1,329058
"Madison",2005,1,"New York","Non-New York City",36053,2,2,1,341638
"Madison",2006,1,"New York","Non-New York City",36053,2,2,1,361685
"Madison",2007,1,"New York","Non-New York City",36053,2,2,1,177059
"Madison",2008,1,"New York","Non-New York City",36053,2,2,1,393753
"Madison",2009,1,"New York","Non-New York City",36053,2,2,1,495720
"Madison",2010,1,"New York","Non-New York City",36053,2,2,1,254346
"Madison",2011,1,"New York","Non-New York City",36053,2,2,1,344721
"Madison",2012,1,"New York","Non-New York City",36053,2,2,1,472048
"Madison",2013,1,"New York","Non-New York City",36053,2,2,1,255781
"Madison",2014,1,"New York","Non-New York City",36053,2,2,1,282165
"Madison",2015,1,"New York","Non-New York City",36053,2,2,1,439665
"Madison",2016,1,"New York","Non-New York City",36053,2,2,1,260250
"Madison",2017,1,"New York","Non-New York City",36053,2,2,1,80428
"Madison",2018,1,"New York","Non-New York City",36053,2,2,1,346514
"Madison",2019,1,"New York","Non-New York City",36053,2,2,1,960214
"Madison",2020,1,"New York","Non-New York City",36053,2,2,1,NA
"Monroe",2000,1,"New York","Non-New York City",36055,1,1,1,2404606
"Monroe",2001,1,"New York","Non-New York City",36055,1,1,1,4115682
"Monroe",2002,1,"New York","Non-New York City",36055,1,1,1,3919396
"Monroe",2003,1,"New York","Non-New York City",36055,1,1,1,2846917
"Monroe",2004,1,"New York","Non-New York City",36055,1,1,1,4237198
"Monroe",2005,1,"New York","Non-New York City",36055,1,1,1,4471177
"Monroe",2006,1,"New York","Non-New York City",36055,1,1,1,2642426
"Monroe",2007,1,"New York","Non-New York City",36055,1,1,1,2908512
"Monroe",2008,1,"New York","Non-New York City",36055,1,1,1,3524407
"Monroe",2009,1,"New York","Non-New York City",36055,1,1,1,4719181
"Monroe",2010,1,"New York","Non-New York City",36055,1,1,1,2802887
"Monroe",2011,1,"New York","Non-New York City",36055,1,1,1,2819131
"Monroe",2012,1,"New York","Non-New York City",36055,1,1,1,958402
"Monroe",2013,1,"New York","Non-New York City",36055,1,1,1,2594159
"Monroe",2014,1,"New York","Non-New York City",36055,1,1,1,5840664
"Monroe",2015,1,"New York","Non-New York City",36055,1,1,1,2556644
"Monroe",2016,1,"New York","Non-New York City",36055,1,1,1,4705634
"Monroe",2017,1,"New York","Non-New York City",36055,1,1,1,5948557
"Monroe",2018,1,"New York","Non-New York City",36055,1,1,1,4180086
"Monroe",2019,1,"New York","Non-New York City",36055,1,1,1,17761380
"Monroe",2020,1,"New York","Non-New York City",36055,1,1,1,NA
"Montgomery",2000,1,"New York","Non-New York City",36057,4,5,0,422980
"Montgomery",2001,1,"New York","Non-New York City",36057,4,5,0,509825
"Montgomery",2002,1,"New York","Non-New York City",36057,4,5,0,757076
"Montgomery",2003,1,"New York","Non-New York City",36057,4,5,0,295877
"Montgomery",2004,1,"New York","Non-New York City",36057,4,5,0,771458
"Montgomery",2005,1,"New York","Non-New York City",36057,4,5,0,789805
"Montgomery",2006,1,"New York","Non-New York City",36057,4,5,0,298884
"Montgomery",2007,1,"New York","Non-New York City",36057,4,5,0,478420
"Montgomery",2008,1,"New York","Non-New York City",36057,4,5,0,792695
"Montgomery",2009,1,"New York","Non-New York City",36057,4,5,0,624370
"Montgomery",2010,1,"New York","Non-New York City",36057,4,5,0,412130
"Montgomery",2011,1,"New York","Non-New York City",36057,4,5,0,1119388
"Montgomery",2012,1,"New York","Non-New York City",36057,4,5,0,705887
"Montgomery",2013,1,"New York","Non-New York City",36057,4,5,0,492900
"Montgomery",2014,1,"New York","Non-New York City",36057,4,5,0,267592
"Montgomery",2015,1,"New York","Non-New York City",36057,4,5,0,530723
"Montgomery",2016,1,"New York","Non-New York City",36057,4,5,0,903640
"Montgomery",2017,1,"New York","Non-New York City",36057,4,5,0,157712
"Montgomery",2018,1,"New York","Non-New York City",36057,4,5,0,226754
"Montgomery",2019,1,"New York","Non-New York City",36057,4,5,0,1848291
"Montgomery",2020,1,"New York","Non-New York City",36057,4,5,0,NA
"Nassau",2000,1,"New York","Non-New York City",36059,1,1,1,3116280
"Nassau",2001,1,"New York","Non-New York City",36059,1,1,1,5817701
"Nassau",2002,1,"New York","Non-New York City",36059,1,1,1,8391155
"Nassau",2003,1,"New York","Non-New York City",36059,1,1,1,1432967
"Nassau",2004,1,"New York","Non-New York City",36059,1,1,1,4722869
"Nassau",2005,1,"New York","Non-New York City",36059,1,1,1,5373526
"Nassau",2006,1,"New York","Non-New York City",36059,1,1,1,7442562
"Nassau",2007,1,"New York","Non-New York City",36059,1,1,1,2991306
"Nassau",2008,1,"New York","Non-New York City",36059,1,1,1,4887423
"Nassau",2009,1,"New York","Non-New York City",36059,1,1,1,3431666
"Nassau",2010,1,"New York","Non-New York City",36059,1,1,1,4556182
"Nassau",2011,1,"New York","Non-New York City",36059,1,1,1,4624620
"Nassau",2012,1,"New York","Non-New York City",36059,1,1,1,539637
"Nassau",2013,1,"New York","Non-New York City",36059,1,1,1,2325288
"Nassau",2014,1,"New York","Non-New York City",36059,1,1,1,875705
"Nassau",2015,1,"New York","Non-New York City",36059,1,1,1,3223027
"Nassau",2016,1,"New York","Non-New York City",36059,1,1,1,12733806
"Nassau",2017,1,"New York","Non-New York City",36059,1,1,1,13502967
"Nassau",2018,1,"New York","Non-New York City",36059,1,1,1,8050367
"Nassau",2019,1,"New York","Non-New York City",36059,1,1,1,33799451
"Nassau",2020,1,"New York","Non-New York City",36059,1,1,1,NA
"New York",2000,1,"New York","New York City",36000,NA,NA,NA,1521972
"New York",2001,1,"New York","New York City",36000,NA,NA,NA,4651263
"New York",2002,1,"New York","New York City",36061,1,1,1,4169860
"New York",2003,1,"New York","New York City",36000,NA,NA,NA,2729643
"New York",2004,1,"New York","New York City",36061,1,1,1,4941532
"New York",2005,1,"New York","New York City",36000,NA,NA,NA,5559353
"New York",2006,1,"New York","New York City",36061,1,1,1,1864082
"New York",2007,1,"New York","New York City",36000,NA,NA,NA,2795107
"New York",2008,1,"New York","New York City",36000,NA,NA,NA,3502059
"New York",2009,1,"New York","New York City",36000,NA,NA,NA,3640023
"New York",2010,1,"New York","New York City",36061,1,1,1,4842688
"New York",2011,1,"New York","New York City",36061,1,1,1,4710949
"New York",2012,1,"New York","New York City",36000,NA,NA,NA,492725
"New York",2013,1,"New York","New York City",36061,1,1,1,329808
"New York",2014,1,"New York","New York City",36000,NA,NA,NA,2635172
"New York",2015,1,"New York","New York City",36061,1,1,1,2053871
"New York",2016,1,"New York","New York City",36061,1,1,1,3317320
"New York",2017,1,"New York","New York City",36000,NA,NA,NA,2527472
"New York",2018,1,"New York","New York City",36061,1,1,1,2450305
"New York",2019,1,"New York","New York City",36000,NA,NA,NA,12977747
"New York",2020,1,"New York","New York City",36000,NA,NA,NA,NA
"New York State",2015,NA,NA,NA,NA,NA,NA,NA,NA
"New York State",2016,NA,NA,NA,NA,NA,NA,NA,NA
"Niagara",2000,1,"New York","Non-New York City",36063,1,1,1,581120
"Niagara",2001,1,"New York","Non-New York City",36063,1,1,1,969706
"Niagara",2002,1,"New York","Non-New York City",36063,1,1,1,934474
"Niagara",2003,1,"New York","Non-New York City",36063,1,1,1,885998
"Niagara",2004,1,"New York","Non-New York City",36063,1,1,1,972843
"Niagara",2005,1,"New York","Non-New York City",36063,1,1,1,2915411
"Niagara",2006,1,"New York","Non-New York City",36063,1,1,1,930096
"Niagara",2007,1,"New York","Non-New York City",36063,1,1,1,985724
"Niagara",2008,1,"New York","Non-New York City",36063,1,1,1,1360135
"Niagara",2009,1,"New York","Non-New York City",36063,1,1,1,1102046
"Niagara",2010,1,"New York","Non-New York City",36063,1,1,1,2319709
"Niagara",2011,1,"New York","Non-New York City",36063,1,1,1,1917006
"Niagara",2012,1,"New York","Non-New York City",36063,1,1,1,628073
"Niagara",2013,1,"New York","Non-New York City",36063,1,1,1,793826
"Niagara",2014,1,"New York","Non-New York City",36063,1,1,1,1600536
"Niagara",2015,1,"New York","Non-New York City",36063,1,1,1,2379046
"Niagara",2016,1,"New York","Non-New York City",36063,1,1,1,1066428
"Niagara",2017,1,"New York","Non-New York City",36063,1,1,1,1077742
"Niagara",2018,1,"New York","Non-New York City",36063,1,1,1,1161783
"Niagara",2019,1,"New York","Non-New York City",36063,1,1,1,5224476
"Niagara",2020,1,"New York","Non-New York City",36063,1,1,1,NA
"Oneida",2000,1,"New York","Non-New York City",36065,2,2,1,2037992
"Oneida",2001,1,"New York","Non-New York City",36065,2,2,1,1122172
"Oneida",2002,1,"New York","Non-New York City",36065,2,2,1,1220540
"Oneida",2003,1,"New York","Non-New York City",36065,2,2,1,1019857
"Oneida",2004,1,"New York","Non-New York City",36065,2,2,1,1767397
"Oneida",2005,1,"New York","Non-New York City",36065,2,2,1,1718045
"Oneida",2006,1,"New York","Non-New York City",36065,2,2,1,1697060
"Oneida",2007,1,"New York","Non-New York City",36065,2,2,1,2284106
"Oneida",2008,1,"New York","Non-New York City",36065,2,2,1,1629841
"Oneida",2009,1,"New York","Non-New York City",36065,2,2,1,1625531
"Oneida",2010,1,"New York","Non-New York City",36065,2,2,1,2586838
"Oneida",2011,1,"New York","Non-New York City",36065,2,2,1,1555310
"Oneida",2012,1,"New York","Non-New York City",36065,2,2,1,1329658
"Oneida",2013,1,"New York","Non-New York City",36065,2,2,1,1080874
"Oneida",2014,1,"New York","Non-New York City",36065,2,2,1,731878
"Oneida",2015,1,"New York","Non-New York City",36065,2,2,1,943439
"Oneida",2016,1,"New York","Non-New York City",36065,2,2,1,2269289
"Oneida",2017,1,"New York","Non-New York City",36065,2,2,1,1131257
"Oneida",2018,1,"New York","Non-New York City",36065,2,2,1,667183
"Oneida",2019,1,"New York","Non-New York City",36065,2,2,1,5960790
"Oneida",2020,1,"New York","Non-New York City",36065,2,2,1,NA
"Onondaga",2000,1,"New York","Non-New York City",36067,2,2,1,2330465
"Onondaga",2001,1,"New York","Non-New York City",36067,2,2,1,4263447
"Onondaga",2002,1,"New York","Non-New York City",36067,2,2,1,3358409
"Onondaga",2003,1,"New York","Non-New York City",36067,2,2,1,2017259
"Onondaga",2004,1,"New York","Non-New York City",36067,2,2,1,3025424
"Onondaga",2005,1,"New York","Non-New York City",36067,2,2,1,2168578
"Onondaga",2006,1,"New York","Non-New York City",36067,2,2,1,3742026
"Onondaga",2007,1,"New York","Non-New York City",36067,2,2,1,1950613
"Onondaga",2008,1,"New York","Non-New York City",36067,2,2,1,2445266
"Onondaga",2009,1,"New York","Non-New York City",36067,2,2,1,2752126
"Onondaga",2010,1,"New York","Non-New York City",36067,2,2,1,3473426
"Onondaga",2011,1,"New York","Non-New York City",36067,2,2,1,3661718
"Onondaga",2012,1,"New York","Non-New York City",36067,2,2,1,1636563
"Onondaga",2013,1,"New York","Non-New York City",36067,2,2,1,1834188
"Onondaga",2014,1,"New York","Non-New York City",36067,2,2,1,1503284
"Onondaga",2015,1,"New York","Non-New York City",36067,2,2,1,2068293
"Onondaga",2016,1,"New York","Non-New York City",36067,2,2,1,3007552
"Onondaga",2017,1,"New York","Non-New York City",36067,2,2,1,5133624
"Onondaga",2018,1,"New York","Non-New York City",36067,2,2,1,2154269
"Onondaga",2019,1,"New York","Non-New York City",36067,2,2,1,13500678
"Onondaga",2020,1,"New York","Non-New York City",36067,2,2,1,NA
"Ontario",2000,1,"New York","Non-New York City",36069,1,1,1,457210
"Ontario",2001,1,"New York","Non-New York City",36069,1,1,1,624071
"Ontario",2002,1,"New York","Non-New York City",36069,1,1,1,607871
"Ontario",2003,1,"New York","Non-New York City",36069,1,1,1,634684
"Ontario",2004,1,"New York","Non-New York City",36069,1,1,1,609646
"Ontario",2005,1,"New York","Non-New York City",36069,1,1,1,1175422
"Ontario",2006,1,"New York","Non-New York City",36069,1,1,1,762054
"Ontario",2007,1,"New York","Non-New York City",36069,1,1,1,644634
"Ontario",2008,1,"New York","Non-New York City",36069,1,1,1,604613
"Ontario",2009,1,"New York","Non-New York City",36069,1,1,1,1397944
"Ontario",2010,1,"New York","Non-New York City",36069,1,1,1,534378
"Ontario",2011,1,"New York","Non-New York City",36069,1,1,1,411628
"Ontario",2012,1,"New York","Non-New York City",36069,1,1,1,242931
"Ontario",2013,1,"New York","Non-New York City",36069,1,1,1,400491
"Ontario",2014,1,"New York","Non-New York City",36069,1,1,1,1069133
"Ontario",2015,1,"New York","Non-New York City",36069,1,1,1,1234987
"Ontario",2016,1,"New York","Non-New York City",36069,1,1,1,813494
"Ontario",2017,1,"New York","Non-New York City",36069,1,1,1,950861
"Ontario",2018,1,"New York","Non-New York City",36069,1,1,1,723923
"Ontario",2019,1,"New York","Non-New York City",36069,1,1,1,2740912
"Ontario",2020,1,"New York","Non-New York City",36069,1,1,1,NA
"Orange",2000,1,"New York","Non-New York City",36071,1,1,1,992377
"Orange",2001,1,"New York","Non-New York City",36071,1,1,1,2759348
"Orange",2002,1,"New York","Non-New York City",36071,1,1,1,1666903
"Orange",2003,1,"New York","Non-New York City",36071,1,1,1,851892
"Orange",2004,1,"New York","Non-New York City",36071,1,1,1,3015770
"Orange",2005,1,"New York","Non-New York City",36071,1,1,1,983167
"Orange",2006,1,"New York","Non-New York City",36071,1,1,1,1272009
"Orange",2007,1,"New York","Non-New York City",36071,1,1,1,3001366
"Orange",2008,1,"New York","Non-New York City",36071,1,1,1,2166971
"Orange",2009,1,"New York","Non-New York City",36071,1,1,1,1295151
"Orange",2010,1,"New York","Non-New York City",36071,1,1,1,1942501
"Orange",2011,1,"New York","Non-New York City",36071,1,1,1,2359216
"Orange",2012,1,"New York","Non-New York City",36071,1,1,1,3551925
"Orange",2013,1,"New York","Non-New York City",36071,1,1,1,1490116
"Orange",2014,1,"New York","Non-New York City",36071,1,1,1,2279466
"Orange",2015,1,"New York","Non-New York City",36071,1,1,1,3540938
"Orange",2016,1,"New York","Non-New York City",36071,1,1,1,1057387
"Orange",2017,1,"New York","Non-New York City",36071,1,1,1,768398
"Orange",2018,1,"New York","Non-New York City",36071,1,1,1,1615865
"Orange",2019,1,"New York","Non-New York City",36071,1,1,1,7890770
"Orange",2020,1,"New York","Non-New York City",36071,1,1,1,NA
"Orleans",2000,1,"New York","Non-New York City",36073,1,1,1,64263
"Orleans",2001,1,"New York","Non-New York City",36073,1,1,1,134367
"Orleans",2002,1,"New York","Non-New York City",36073,1,1,1,89790
"Orleans",2003,1,"New York","Non-New York City",36073,1,1,1,55485
"Orleans",2004,1,"New York","Non-New York City",36073,1,1,1,49856
"Orleans",2005,1,"New York","Non-New York City",36073,1,1,1,98298
"Orleans",2006,1,"New York","Non-New York City",36073,1,1,1,71525
"Orleans",2007,1,"New York","Non-New York City",36073,1,1,1,107598
"Orleans",2008,1,"New York","Non-New York City",36073,1,1,1,53057
"Orleans",2009,1,"New York","Non-New York City",36073,1,1,1,113422
"Orleans",2010,1,"New York","Non-New York City",36073,1,1,1,50534
"Orleans",2011,1,"New York","Non-New York City",36073,1,1,1,70975
"Orleans",2012,1,"New York","Non-New York City",36073,1,1,1,0
"Orleans",2013,1,"New York","Non-New York City",36073,1,1,1,45970
"Orleans",2014,1,"New York","Non-New York City",36073,1,1,1,116129
"Orleans",2015,1,"New York","Non-New York City",36073,1,1,1,102195
"Orleans",2016,1,"New York","Non-New York City",36073,1,1,1,77870
"Orleans",2017,1,"New York","Non-New York City",36073,1,1,1,160734
"Orleans",2018,1,"New York","Non-New York City",36073,1,1,1,52497
"Orleans",2019,1,"New York","Non-New York City",36073,1,1,1,278139
"Orleans",2020,1,"New York","Non-New York City",36073,1,1,1,NA
"Oswego",2000,1,"New York","Non-New York City",36075,2,2,1,292739
"Oswego",2001,1,"New York","Non-New York City",36075,2,2,1,634224
"Oswego",2002,1,"New York","Non-New York City",36075,2,2,1,263566
"Oswego",2003,1,"New York","Non-New York City",36075,2,2,1,268643
"Oswego",2004,1,"New York","Non-New York City",36075,2,2,1,532691
"Oswego",2005,1,"New York","Non-New York City",36075,2,2,1,318479
"Oswego",2006,1,"New York","Non-New York City",36075,2,2,1,359898
"Oswego",2007,1,"New York","Non-New York City",36075,2,2,1,469530
"Oswego",2008,1,"New York","Non-New York City",36075,2,2,1,134748
"Oswego",2009,1,"New York","Non-New York City",36075,2,2,1,308714
"Oswego",2010,1,"New York","Non-New York City",36075,2,2,1,684537
"Oswego",2011,1,"New York","Non-New York City",36075,2,2,1,200453
"Oswego",2012,1,"New York","Non-New York City",36075,2,2,1,53932
"Oswego",2013,1,"New York","Non-New York City",36075,2,2,1,365087
"Oswego",2014,1,"New York","Non-New York City",36075,2,2,1,150056
"Oswego",2015,1,"New York","Non-New York City",36075,2,2,1,219035
"Oswego",2016,1,"New York","Non-New York City",36075,2,2,1,591860
"Oswego",2017,1,"New York","Non-New York City",36075,2,2,1,270643
"Oswego",2018,1,"New York","Non-New York City",36075,2,2,1,167478
"Oswego",2019,1,"New York","Non-New York City",36075,2,2,1,1481424
"Oswego",2020,1,"New York","Non-New York City",36075,2,2,1,NA
"Otsego",2000,1,"New York","Non-New York City",36077,7,8,0,152281
"Otsego",2001,1,"New York","Non-New York City",36077,7,8,0,150117
"Otsego",2002,1,"New York","Non-New York City",36077,7,8,0,269728
"Otsego",2003,1,"New York","Non-New York City",36077,7,8,0,264126
"Otsego",2004,1,"New York","Non-New York City",36077,7,8,0,226486
"Otsego",2005,1,"New York","Non-New York City",36077,7,8,0,426836
"Otsego",2006,1,"New York","Non-New York City",36077,7,8,0,167318
"Otsego",2007,1,"New York","Non-New York City",36077,7,8,0,204187
"Otsego",2008,1,"New York","Non-New York City",36077,7,8,0,321733
"Otsego",2009,1,"New York","Non-New York City",36077,7,8,0,356135
"Otsego",2010,1,"New York","Non-New York City",36077,7,8,0,366794
"Otsego",2011,1,"New York","Non-New York City",36077,7,8,0,152611
"Otsego",2012,1,"New York","Non-New York City",36077,7,8,0,99401
"Otsego",2013,1,"New York","Non-New York City",36077,7,8,0,173068
"Otsego",2014,1,"New York","Non-New York City",36077,7,8,0,180202
"Otsego",2015,1,"New York","Non-New York City",36077,7,8,0,241143
"Otsego",2016,1,"New York","Non-New York City",36077,7,8,0,337199
"Otsego",2017,1,"New York","Non-New York City",36077,7,8,0,126809
"Otsego",2018,1,"New York","Non-New York City",36077,7,8,0,161848
"Otsego",2019,1,"New York","Non-New York City",36077,7,8,0,1056445
"Otsego",2020,1,"New York","Non-New York City",36077,7,8,0,NA
"Putnam",2000,1,"New York","Non-New York City",36079,1,1,1,289450
"Putnam",2001,1,"New York","Non-New York City",36079,1,1,1,405840
"Putnam",2002,1,"New York","Non-New York City",36079,1,1,1,329921
"Putnam",2003,1,"New York","Non-New York City",36079,1,1,1,314516
"Putnam",2004,1,"New York","Non-New York City",36079,1,1,1,317646
"Putnam",2005,1,"New York","Non-New York City",36079,1,1,1,410593
"Putnam",2006,1,"New York","Non-New York City",36079,1,1,1,249673
"Putnam",2007,1,"New York","Non-New York City",36079,1,1,1,288150
"Putnam",2008,1,"New York","Non-New York City",36079,1,1,1,357748
"Putnam",2009,1,"New York","Non-New York City",36079,1,1,1,545964
"Putnam",2010,1,"New York","Non-New York City",36079,1,1,1,240936
"Putnam",2011,1,"New York","Non-New York City",36079,1,1,1,473573
"Putnam",2012,1,"New York","Non-New York City",36079,1,1,1,251430
"Putnam",2013,1,"New York","Non-New York City",36079,1,1,1,226628
"Putnam",2014,1,"New York","Non-New York City",36079,1,1,1,252079
"Putnam",2015,1,"New York","Non-New York City",36079,1,1,1,498015
"Putnam",2016,1,"New York","Non-New York City",36079,1,1,1,63268
"Putnam",2017,1,"New York","Non-New York City",36079,1,1,1,459301
"Putnam",2018,1,"New York","Non-New York City",36079,1,1,1,369239
"Putnam",2019,1,"New York","Non-New York City",36079,1,1,1,1533440
"Putnam",2020,1,"New York","Non-New York City",36079,1,1,1,NA
"Queens",2000,1,"New York","New York City",36081,1,1,1,5459668
"Queens",2001,1,"New York","New York City",36081,1,1,1,7636320
"Queens",2002,1,"New York","New York City",36081,1,1,1,5778969
"Queens",2003,1,"New York","New York City",36081,1,1,1,6362549
"Queens",2004,1,"New York","New York City",36081,1,1,1,10195325
"Queens",2005,1,"New York","New York City",36081,1,1,1,6968595
"Queens",2006,1,"New York","New York City",36081,1,1,1,3946700
"Queens",2007,1,"New York","New York City",36081,1,1,1,5901977
"Queens",2008,1,"New York","New York City",36081,1,1,1,8921103
"Queens",2009,1,"New York","New York City",36081,1,1,1,4599172
"Queens",2010,1,"New York","New York City",36081,1,1,1,7412768
"Queens",2011,1,"New York","New York City",36081,1,1,1,10097009
"Queens",2012,1,"New York","New York City",36081,1,1,1,644089
"Queens",2013,1,"New York","New York City",36081,1,1,1,940448
"Queens",2014,1,"New York","New York City",36081,1,1,1,2049518
"Queens",2015,1,"New York","New York City",36081,1,1,1,3935480
"Queens",2016,1,"New York","New York City",36081,1,1,1,6455002
"Queens",2017,1,"New York","New York City",36081,1,1,1,9925574
"Queens",2018,1,"New York","New York City",36081,1,1,1,6327757
"Queens",2019,1,"New York","New York City",36081,1,1,1,26695902
"Queens",2020,1,"New York","New York City",36081,1,1,1,NA
"Rensselaer",2000,1,"New York","Non-New York City",36083,2,2,1,467370
"Rensselaer",2001,1,"New York","Non-New York City",36083,2,2,1,559685
"Rensselaer",2002,1,"New York","Non-New York City",36083,2,2,1,2703425
"Rensselaer",2003,1,"New York","Non-New York City",36083,2,2,1,334686
"Rensselaer",2004,1,"New York","Non-New York City",36083,2,2,1,739369
"Rensselaer",2005,1,"New York","Non-New York City",36083,2,2,1,708541
"Rensselaer",2006,1,"New York","Non-New York City",36083,2,2,1,2275118
"Rensselaer",2007,1,"New York","Non-New York City",36083,2,2,1,2735695
"Rensselaer",2008,1,"New York","Non-New York City",36083,2,2,1,570531
"Rensselaer",2009,1,"New York","Non-New York City",36083,2,2,1,454016
"Rensselaer",2010,1,"New York","Non-New York City",36083,2,2,1,2330063
"Rensselaer",2011,1,"New York","Non-New York City",36083,2,2,1,344423
"Rensselaer",2012,1,"New York","Non-New York City",36083,2,2,1,223440
"Rensselaer",2013,1,"New York","Non-New York City",36083,2,2,1,698067
"Rensselaer",2014,1,"New York","Non-New York City",36083,2,2,1,399876
"Rensselaer",2015,1,"New York","Non-New York City",36083,2,2,1,2127197
"Rensselaer",2016,1,"New York","Non-New York City",36083,2,2,1,587888
"Rensselaer",2017,1,"New York","Non-New York City",36083,2,2,1,331981
"Rensselaer",2018,1,"New York","Non-New York City",36083,2,2,1,458794
"Rensselaer",2019,1,"New York","Non-New York City",36083,2,2,1,6338918
"Rensselaer",2020,1,"New York","Non-New York City",36083,2,2,1,NA
"Richmond",2000,1,"New York","New York City",36085,1,1,1,1504281
"Richmond",2001,1,"New York","New York City",36085,1,1,1,1814197
"Richmond",2002,1,"New York","New York City",36085,1,1,1,1383152
"Richmond",2003,1,"New York","New York City",36085,1,1,1,1956176
"Richmond",2004,1,"New York","New York City",36085,1,1,1,1862243
"Richmond",2005,1,"New York","New York City",36085,1,1,1,1963243
"Richmond",2006,1,"New York","New York City",36085,1,1,1,1411781
"Richmond",2007,1,"New York","New York City",36085,1,1,1,1887355
"Richmond",2008,1,"New York","New York City",36085,1,1,1,2090198
"Richmond",2009,1,"New York","New York City",36085,1,1,1,1407710
"Richmond",2010,1,"New York","New York City",36085,1,1,1,2059648
"Richmond",2011,1,"New York","New York City",36085,1,1,1,3512914
"Richmond",2012,1,"New York","New York City",36085,1,1,1,424737
"Richmond",2013,1,"New York","New York City",36085,1,1,1,1159987
"Richmond",2014,1,"New York","New York City",36085,1,1,1,248780
"Richmond",2015,1,"New York","New York City",36085,1,1,1,630473
"Richmond",2016,1,"New York","New York City",36085,1,1,1,1623164
"Richmond",2017,1,"New York","New York City",36085,1,1,1,2489492
"Richmond",2018,1,"New York","New York City",36085,1,1,1,1299735
"Richmond",2019,1,"New York","New York City",36085,1,1,1,5610118
"Richmond",2020,1,"New York","New York City",36085,1,1,1,NA
"Rockland",2000,1,"New York","Non-New York City",36087,1,1,1,768497
"Rockland",2001,1,"New York","Non-New York City",36087,1,1,1,1640429
"Rockland",2002,1,"New York","Non-New York City",36087,1,1,1,811200
"Rockland",2003,1,"New York","Non-New York City",36087,1,1,1,654146
"Rockland",2004,1,"New York","Non-New York City",36087,1,1,1,1514234
"Rockland",2005,1,"New York","Non-New York City",36087,1,1,1,1474521
"Rockland",2006,1,"New York","Non-New York City",36087,1,1,1,801141
"Rockland",2007,1,"New York","Non-New York City",36087,1,1,1,4472865
"Rockland",2008,1,"New York","Non-New York City",36087,1,1,1,992711
"Rockland",2009,1,"New York","Non-New York City",36087,1,1,1,955024
"Rockland",2010,1,"New York","Non-New York City",36087,1,1,1,785617
"Rockland",2011,1,"New York","Non-New York City",36087,1,1,1,2262703
"Rockland",2012,1,"New York","Non-New York City",36087,1,1,1,1242546
"Rockland",2013,1,"New York","Non-New York City",36087,1,1,1,1299191
"Rockland",2014,1,"New York","Non-New York City",36087,1,1,1,1305153
"Rockland",2015,1,"New York","Non-New York City",36087,1,1,1,945398
"Rockland",2016,1,"New York","Non-New York City",36087,1,1,1,986104
"Rockland",2017,1,"New York","Non-New York City",36087,1,1,1,734309
"Rockland",2018,1,"New York","Non-New York City",36087,1,1,1,1450491
"Rockland",2019,1,"New York","Non-New York City",36087,1,1,1,8850452
"Rockland",2020,1,"New York","Non-New York City",36087,1,1,1,NA
"Saint Lawrence",2000,NA,NA,NA,NA,NA,NA,NA,213252
"Saint Lawrence",2001,NA,NA,NA,NA,NA,NA,NA,281254
"Saint Lawrence",2002,NA,NA,NA,NA,NA,NA,NA,259187
"Saint Lawrence",2003,NA,NA,NA,NA,NA,NA,NA,317194
"Saint Lawrence",2004,NA,NA,NA,NA,NA,NA,NA,457965
"Saint Lawrence",2005,NA,NA,NA,NA,NA,NA,NA,415386
"Saint Lawrence",2006,NA,NA,NA,NA,NA,NA,NA,329370
"Saint Lawrence",2007,NA,NA,NA,NA,NA,NA,NA,460596
"Saint Lawrence",2008,NA,NA,NA,NA,NA,NA,NA,323031
"Saint Lawrence",2009,NA,NA,NA,NA,NA,NA,NA,312738
"Saint Lawrence",2010,NA,NA,NA,NA,NA,NA,NA,407902
"Saint Lawrence",2011,NA,NA,NA,NA,NA,NA,NA,289227
"Saint Lawrence",2012,NA,NA,NA,NA,NA,NA,NA,101784
"Saint Lawrence",2013,NA,NA,NA,NA,NA,NA,NA,274125
"Saint Lawrence",2014,NA,NA,NA,NA,NA,NA,NA,206263
"Saint Lawrence",2015,NA,NA,NA,NA,NA,NA,NA,191228
"Saint Lawrence",2016,NA,NA,NA,NA,NA,NA,NA,403817
"Saint Lawrence",2017,NA,NA,NA,NA,NA,NA,NA,141623
"Saint Lawrence",2018,NA,NA,NA,NA,NA,NA,NA,229990
"Saint Lawrence",2019,NA,NA,NA,NA,NA,NA,NA,1131608
"Saratoga",2000,1,"New York","Non-New York City",36091,2,2,1,765935
"Saratoga",2001,1,"New York","Non-New York City",36091,2,2,1,860760
"Saratoga",2002,1,"New York","Non-New York City",36091,2,2,1,746195
"Saratoga",2003,1,"New York","Non-New York City",36091,2,2,1,819368
"Saratoga",2004,1,"New York","Non-New York City",36091,2,2,1,1601793
"Saratoga",2005,1,"New York","Non-New York City",36091,2,2,1,1066066
"Saratoga",2006,1,"New York","Non-New York City",36091,2,2,1,1446258
"Saratoga",2007,1,"New York","Non-New York City",36091,2,2,1,1108013
"Saratoga",2008,1,"New York","Non-New York City",36091,2,2,1,1077784
"Saratoga",2009,1,"New York","Non-New York City",36091,2,2,1,617905
"Saratoga",2010,1,"New York","Non-New York City",36091,2,2,1,1854147
"Saratoga",2011,1,"New York","Non-New York City",36091,2,2,1,1381745
"Saratoga",2012,1,"New York","Non-New York City",36091,2,2,1,816783
"Saratoga",2013,1,"New York","Non-New York City",36091,2,2,1,561629
"Saratoga",2014,1,"New York","Non-New York City",36091,2,2,1,1135513
"Saratoga",2015,1,"New York","Non-New York City",36091,2,2,1,1028616
"Saratoga",2016,1,"New York","Non-New York City",36091,2,2,1,986633
"Saratoga",2017,1,"New York","Non-New York City",36091,2,2,1,1079477
"Saratoga",2018,1,"New York","Non-New York City",36091,2,2,1,957248
"Saratoga",2019,1,"New York","Non-New York City",36091,2,2,1,4085064
"Saratoga",2020,1,"New York","Non-New York City",36091,2,2,1,NA
"Schenectady",2000,1,"New York","Non-New York City",36093,2,2,1,376262
"Schenectady",2001,1,"New York","Non-New York City",36093,2,2,1,649164
"Schenectady",2002,1,"New York","Non-New York City",36093,2,2,1,555508
"Schenectady",2003,1,"New York","Non-New York City",36093,2,2,1,316152
"Schenectady",2004,1,"New York","Non-New York City",36093,2,2,1,683965
"Schenectady",2005,1,"New York","Non-New York City",36093,2,2,1,583697
"Schenectady",2006,1,"New York","Non-New York City",36093,2,2,1,426585
"Schenectady",2007,1,"New York","Non-New York City",36093,2,2,1,424995
"Schenectady",2008,1,"New York","Non-New York City",36093,2,2,1,567536
"Schenectady",2009,1,"New York","Non-New York City",36093,2,2,1,645209
"Schenectady",2010,1,"New York","Non-New York City",36093,2,2,1,661452
"Schenectady",2011,1,"New York","Non-New York City",36093,2,2,1,849558
"Schenectady",2012,1,"New York","Non-New York City",36093,2,2,1,308291
"Schenectady",2013,1,"New York","Non-New York City",36093,2,2,1,580960
"Schenectady",2014,1,"New York","Non-New York City",36093,2,2,1,725453
"Schenectady",2015,1,"New York","Non-New York City",36093,2,2,1,678055
"Schenectady",2016,1,"New York","Non-New York City",36093,2,2,1,673592
"Schenectady",2017,1,"New York","Non-New York City",36093,2,2,1,604182
"Schenectady",2018,1,"New York","Non-New York City",36093,2,2,1,559685
"Schenectady",2019,1,"New York","Non-New York City",36093,2,2,1,2807920
"Schenectady",2020,1,"New York","Non-New York City",36093,2,2,1,NA
"Schoharie",2000,1,"New York","Non-New York City",36095,2,2,1,107651
"Schoharie",2001,1,"New York","Non-New York City",36095,2,2,1,122454
"Schoharie",2002,1,"New York","Non-New York City",36095,2,2,1,66232
"Schoharie",2003,1,"New York","Non-New York City",36095,2,2,1,126970
"Schoharie",2004,1,"New York","Non-New York City",36095,2,2,1,129449
"Schoharie",2005,1,"New York","Non-New York City",36095,2,2,1,96506
"Schoharie",2006,1,"New York","Non-New York City",36095,2,2,1,129874
"Schoharie",2007,1,"New York","Non-New York City",36095,2,2,1,110942
"Schoharie",2008,1,"New York","Non-New York City",36095,2,2,1,88118
"Schoharie",2009,1,"New York","Non-New York City",36095,2,2,1,165141
"Schoharie",2010,1,"New York","Non-New York City",36095,2,2,1,106356
"Schoharie",2011,1,"New York","Non-New York City",36095,2,2,1,84895
"Schoharie",2012,1,"New York","Non-New York City",36095,2,2,1,21190
"Schoharie",2013,1,"New York","Non-New York City",36095,2,2,1,14813
"Schoharie",2014,1,"New York","Non-New York City",36095,2,2,1,81509
"Schoharie",2015,1,"New York","Non-New York City",36095,2,2,1,111319
"Schoharie",2016,1,"New York","Non-New York City",36095,2,2,1,49342
"Schoharie",2017,1,"New York","Non-New York City",36095,2,2,1,51532
"Schoharie",2018,1,"New York","Non-New York City",36095,2,2,1,105697
"Schoharie",2019,1,"New York","Non-New York City",36095,2,2,1,368194
"Schoharie",2020,1,"New York","Non-New York City",36095,2,2,1,NA
"Schuyler",2000,1,"New York","Non-New York City",36097,6,7,0,29257
"Schuyler",2001,1,"New York","Non-New York City",36097,6,7,0,43279
"Schuyler",2002,1,"New York","Non-New York City",36097,6,7,0,87950
"Schuyler",2003,1,"New York","Non-New York City",36097,6,7,0,100269
"Schuyler",2004,1,"New York","Non-New York City",36097,6,7,0,106843
"Schuyler",2005,1,"New York","Non-New York City",36097,6,7,0,41684
"Schuyler",2006,1,"New York","Non-New York City",36097,6,7,0,104148
"Schuyler",2007,1,"New York","Non-New York City",36097,6,7,0,75595
"Schuyler",2008,1,"New York","Non-New York City",36097,6,7,0,53815
"Schuyler",2009,1,"New York","Non-New York City",36097,6,7,0,115338
"Schuyler",2010,1,"New York","Non-New York City",36097,6,7,0,35133
"Schuyler",2011,1,"New York","Non-New York City",36097,6,7,0,66852
"Schuyler",2012,1,"New York","Non-New York City",36097,6,7,0,52920
"Schuyler",2013,1,"New York","Non-New York City",36097,6,7,0,32456
"Schuyler",2014,1,"New York","Non-New York City",36097,6,7,0,90822
"Schuyler",2015,1,"New York","Non-New York City",36097,6,7,0,76084
"Schuyler",2016,1,"New York","Non-New York City",36097,6,7,0,75316
"Schuyler",2017,1,"New York","Non-New York City",36097,6,7,0,125047
"Schuyler",2018,1,"New York","Non-New York City",36097,6,7,0,26409
"Schuyler",2019,1,"New York","Non-New York City",36097,6,7,0,262090
"Schuyler",2020,1,"New York","Non-New York City",36097,6,7,0,NA
"Seneca",2000,1,"New York","Non-New York City",36099,6,3,0,85139
"Seneca",2001,1,"New York","Non-New York City",36099,6,3,0,153867
"Seneca",2002,1,"New York","Non-New York City",36099,6,3,0,187957
"Seneca",2003,1,"New York","Non-New York City",36099,6,3,0,99477
"Seneca",2004,1,"New York","Non-New York City",36099,6,3,0,188580
"Seneca",2005,1,"New York","Non-New York City",36099,6,3,0,169628
"Seneca",2006,1,"New York","Non-New York City",36099,6,3,0,171428
"Seneca",2007,1,"New York","Non-New York City",36099,6,3,0,123804
"Seneca",2008,1,"New York","Non-New York City",36099,6,3,0,207875
"Seneca",2009,1,"New York","Non-New York City",36099,6,3,0,139694
"Seneca",2010,1,"New York","Non-New York City",36099,6,3,0,153611
"Seneca",2011,1,"New York","Non-New York City",36099,6,3,0,242489
"Seneca",2012,1,"New York","Non-New York City",36099,6,3,0,117104
"Seneca",2013,1,"New York","Non-New York City",36099,6,3,0,104079
"Seneca",2014,1,"New York","Non-New York City",36099,6,3,0,190463
"Seneca",2015,1,"New York","Non-New York City",36099,6,3,0,247803
"Seneca",2016,1,"New York","Non-New York City",36099,6,3,0,132503
"Seneca",2017,1,"New York","Non-New York City",36099,6,3,0,54217
"Seneca",2018,1,"New York","Non-New York City",36099,6,3,0,127419
"Seneca",2019,1,"New York","Non-New York City",36099,6,3,0,428109
"Seneca",2020,1,"New York","Non-New York City",36099,6,3,0,NA
"St. Lawrence",2000,NA,NA,NA,NA,NA,NA,NA,NA
"St. Lawrence",2001,NA,NA,NA,NA,NA,NA,NA,NA
"St. Lawrence",2002,NA,NA,NA,NA,NA,NA,NA,NA
"St. Lawrence",2003,NA,NA,NA,NA,NA,NA,NA,NA
"St. Lawrence",2004,NA,NA,NA,NA,NA,NA,NA,NA
"St. Lawrence",2005,NA,NA,NA,NA,NA,NA,NA,NA
"St. Lawrence",2006,NA,NA,NA,NA,NA,NA,NA,NA
"St. Lawrence",2007,NA,NA,NA,NA,NA,NA,NA,NA
"St. Lawrence",2008,NA,NA,NA,NA,NA,NA,NA,NA
"St. Lawrence",2009,NA,NA,NA,NA,NA,NA,NA,NA
"St. Lawrence",2010,NA,NA,NA,NA,NA,NA,NA,NA
"St. Lawrence",2011,NA,NA,NA,NA,NA,NA,NA,NA
"St. Lawrence",2012,NA,NA,NA,NA,NA,NA,NA,NA
"St. Lawrence",2013,NA,NA,NA,NA,NA,NA,NA,NA
"St. Lawrence",2014,NA,NA,NA,NA,NA,NA,NA,NA
"St. Lawrence",2015,NA,NA,NA,NA,NA,NA,NA,NA
"St. Lawrence",2016,NA,NA,NA,NA,NA,NA,NA,NA
"St. Lawrence",2017,NA,NA,NA,NA,NA,NA,NA,NA
"St. Lawrence",2018,NA,NA,NA,NA,NA,NA,NA,NA
"St. Lawrence",2019,NA,NA,NA,NA,NA,NA,NA,NA
"St. Lawrence",2020,NA,NA,NA,NA,NA,NA,NA,NA
"Statewide Total",2000,NA,NA,NA,NA,NA,NA,NA,NA
"Statewide Total",2001,NA,NA,NA,NA,NA,NA,NA,NA
"Statewide Total",2002,NA,NA,NA,NA,NA,NA,NA,NA
"Statewide Total",2003,NA,NA,NA,NA,NA,NA,NA,NA
"Statewide Total",2004,NA,NA,NA,NA,NA,NA,NA,NA
"Statewide Total",2005,NA,NA,NA,NA,NA,NA,NA,NA
"Statewide Total",2006,NA,NA,NA,NA,NA,NA,NA,NA
"Statewide Total",2007,NA,NA,NA,NA,NA,NA,NA,NA
"Statewide Total",2008,NA,NA,NA,NA,NA,NA,NA,NA
"Statewide Total",2009,NA,NA,NA,NA,NA,NA,NA,NA
"Statewide Total",2010,NA,NA,NA,NA,NA,NA,NA,NA
"Statewide Total",2011,NA,NA,NA,NA,NA,NA,NA,NA
"Statewide Total",2012,NA,NA,NA,NA,NA,NA,NA,NA
"Statewide Total",2013,NA,NA,NA,NA,NA,NA,NA,NA
"Statewide Total",2014,NA,NA,NA,NA,NA,NA,NA,NA
"Steuben",2000,1,"New York","Non-New York City",36101,4,3,0,381624
"Steuben",2001,1,"New York","Non-New York City",36101,4,3,0,557941
"Steuben",2002,1,"New York","Non-New York City",36101,4,3,0,540204
"Steuben",2003,1,"New York","Non-New York City",36101,4,3,0,453037
"Steuben",2004,1,"New York","Non-New York City",36101,4,3,0,570468
"Steuben",2005,1,"New York","Non-New York City",36101,4,3,0,406691
"Steuben",2006,1,"New York","Non-New York City",36101,4,3,0,448842
"Steuben",2007,1,"New York","Non-New York City",36101,4,3,0,537927
"Steuben",2008,1,"New York","Non-New York City",36101,4,3,0,392361
"Steuben",2009,1,"New York","Non-New York City",36101,4,3,0,667107
"Steuben",2010,1,"New York","Non-New York City",36101,4,3,0,630084
"Steuben",2011,1,"New York","Non-New York City",36101,4,3,0,357500
"Steuben",2012,1,"New York","Non-New York City",36101,4,3,0,265734
"Steuben",2013,1,"New York","Non-New York City",36101,4,3,0,259061
"Steuben",2014,1,"New York","Non-New York City",36101,4,3,0,522985
"Steuben",2015,1,"New York","Non-New York City",36101,4,3,0,592105
"Steuben",2016,1,"New York","Non-New York City",36101,4,3,0,351892
"Steuben",2017,1,"New York","Non-New York City",36101,4,3,0,630445
"Steuben",2018,1,"New York","Non-New York City",36101,4,3,0,507058
"Steuben",2019,1,"New York","Non-New York City",36101,4,3,0,1787338
"Steuben",2020,1,"New York","Non-New York City",36101,4,3,0,NA
"Suffolk",2000,1,"New York","Non-New York City",36103,1,1,1,7329529
"Suffolk",2001,1,"New York","Non-New York City",36103,1,1,1,5374442
"Suffolk",2002,1,"New York","Non-New York City",36103,1,1,1,5506660
"Suffolk",2003,1,"New York","Non-New York City",36103,1,1,1,5161502
"Suffolk",2004,1,"New York","Non-New York City",36103,1,1,1,7001883
"Suffolk",2005,1,"New York","Non-New York City",36103,1,1,1,3265829
"Suffolk",2006,1,"New York","Non-New York City",36103,1,1,1,5374479
"Suffolk",2007,1,"New York","Non-New York City",36103,1,1,1,5481237
"Suffolk",2008,1,"New York","Non-New York City",36103,1,1,1,3304509
"Suffolk",2009,1,"New York","Non-New York City",36103,1,1,1,2210353
"Suffolk",2010,1,"New York","Non-New York City",36103,1,1,1,5588658
"Suffolk",2011,1,"New York","Non-New York City",36103,1,1,1,3390091
"Suffolk",2012,1,"New York","Non-New York City",36103,1,1,1,366095
"Suffolk",2013,1,"New York","Non-New York City",36103,1,1,1,3388310
"Suffolk",2014,1,"New York","Non-New York City",36103,1,1,1,5490124
"Suffolk",2015,1,"New York","Non-New York City",36103,1,1,1,4404505
"Suffolk",2016,1,"New York","Non-New York City",36103,1,1,1,11435181
"Suffolk",2017,1,"New York","Non-New York City",36103,1,1,1,8565830
"Suffolk",2018,1,"New York","Non-New York City",36103,1,1,1,12722967
"Suffolk",2019,1,"New York","Non-New York City",36103,1,1,1,30038403
"Suffolk",2020,1,"New York","Non-New York City",36103,1,1,1,NA
"Sullivan",2000,1,"New York","Non-New York City",36105,4,4,0,139846
"Sullivan",2001,1,"New York","Non-New York City",36105,4,4,0,388928
"Sullivan",2002,1,"New York","Non-New York City",36105,4,4,0,229875
"Sullivan",2003,1,"New York","Non-New York City",36105,4,4,0,485513
"Sullivan",2004,1,"New York","Non-New York City",36105,4,4,0,534836
"Sullivan",2005,1,"New York","Non-New York City",36105,4,4,0,356413
"Sullivan",2006,1,"New York","Non-New York City",36105,4,4,0,173570
"Sullivan",2007,1,"New York","Non-New York City",36105,4,4,0,488812
"Sullivan",2008,1,"New York","Non-New York City",36105,4,4,0,660675
"Sullivan",2009,1,"New York","Non-New York City",36105,4,4,0,469976
"Sullivan",2010,1,"New York","Non-New York City",36105,4,4,0,586281
"Sullivan",2011,1,"New York","Non-New York City",36105,4,4,0,269702
"Sullivan",2012,1,"New York","Non-New York City",36105,4,4,0,37586
"Sullivan",2013,1,"New York","Non-New York City",36105,4,4,0,250525
"Sullivan",2014,1,"New York","Non-New York City",36105,4,4,0,197879
"Sullivan",2015,1,"New York","Non-New York City",36105,4,4,0,441598
"Sullivan",2016,1,"New York","Non-New York City",36105,4,4,0,347611
"Sullivan",2017,1,"New York","Non-New York City",36105,4,4,0,158801
"Sullivan",2018,1,"New York","Non-New York City",36105,4,4,0,208882
"Sullivan",2019,1,"New York","Non-New York City",36105,4,4,0,1647383
"Sullivan",2020,1,"New York","Non-New York City",36105,4,4,0,NA
"Tioga",2000,1,"New York","Non-New York City",36107,2,2,1,188091
"Tioga",2001,1,"New York","Non-New York City",36107,2,2,1,165819
"Tioga",2002,1,"New York","Non-New York City",36107,2,2,1,440394
"Tioga",2003,1,"New York","Non-New York City",36107,2,2,1,203100
"Tioga",2004,1,"New York","Non-New York City",36107,2,2,1,325949
"Tioga",2005,1,"New York","Non-New York City",36107,2,2,1,454643
"Tioga",2006,1,"New York","Non-New York City",36107,2,2,1,637076
"Tioga",2007,1,"New York","Non-New York City",36107,2,2,1,214618
"Tioga",2008,1,"New York","Non-New York City",36107,2,2,1,442116
"Tioga",2009,1,"New York","Non-New York City",36107,2,2,1,300938
"Tioga",2010,1,"New York","Non-New York City",36107,2,2,1,201296
"Tioga",2011,1,"New York","Non-New York City",36107,2,2,1,529343
"Tioga",2012,1,"New York","Non-New York City",36107,2,2,1,37680
"Tioga",2013,1,"New York","Non-New York City",36107,2,2,1,191712
"Tioga",2014,1,"New York","Non-New York City",36107,2,2,1,143483
"Tioga",2015,1,"New York","Non-New York City",36107,2,2,1,228646
"Tioga",2016,1,"New York","Non-New York City",36107,2,2,1,158381
"Tioga",2017,1,"New York","Non-New York City",36107,2,2,1,87998
"Tioga",2018,1,"New York","Non-New York City",36107,2,2,1,412001
"Tioga",2019,1,"New York","Non-New York City",36107,2,2,1,1107042
"Tioga",2020,1,"New York","Non-New York City",36107,2,2,1,NA
"Tompkins",2000,1,"New York","Non-New York City",36109,3,2,1,273842
"Tompkins",2001,1,"New York","Non-New York City",36109,3,2,1,831225
"Tompkins",2002,1,"New York","Non-New York City",36109,3,2,1,359434
"Tompkins",2003,1,"New York","Non-New York City",36109,3,2,1,228397
"Tompkins",2004,1,"New York","Non-New York City",36109,3,2,1,549499
"Tompkins",2005,1,"New York","Non-New York City",36109,3,2,1,451216
"Tompkins",2006,1,"New York","Non-New York City",36109,3,2,1,417443
"Tompkins",2007,1,"New York","Non-New York City",36109,3,2,1,622326
"Tompkins",2008,1,"New York","Non-New York City",36109,3,2,1,614862
"Tompkins",2009,1,"New York","Non-New York City",36109,3,2,1,449099
"Tompkins",2010,1,"New York","Non-New York City",36109,3,2,1,1139006
"Tompkins",2011,1,"New York","Non-New York City",36109,3,2,1,812497
"Tompkins",2012,1,"New York","Non-New York City",36109,3,2,1,66616
"Tompkins",2013,1,"New York","Non-New York City",36109,3,2,1,188007
"Tompkins",2014,1,"New York","Non-New York City",36109,3,2,1,573880
"Tompkins",2015,1,"New York","Non-New York City",36109,3,2,1,235590
"Tompkins",2016,1,"New York","Non-New York City",36109,3,2,1,678151
"Tompkins",2017,1,"New York","Non-New York City",36109,3,2,1,438893
"Tompkins",2018,1,"New York","Non-New York City",36109,3,2,1,342207
"Tompkins",2019,1,"New York","Non-New York City",36109,3,2,1,2261622
"Tompkins",2020,1,"New York","Non-New York City",36109,3,2,1,NA
"Ulster",2000,1,"New York","Non-New York City",36111,3,2,1,397877
"Ulster",2001,1,"New York","Non-New York City",36111,3,2,1,500959
"Ulster",2002,1,"New York","Non-New York City",36111,3,2,1,2167023
"Ulster",2003,1,"New York","Non-New York City",36111,3,2,1,394912
"Ulster",2004,1,"New York","Non-New York City",36111,3,2,1,517386
"Ulster",2005,1,"New York","Non-New York City",36111,3,2,1,2346145
"Ulster",2006,1,"New York","Non-New York City",36111,3,2,1,901035
"Ulster",2007,1,"New York","Non-New York City",36111,3,2,1,1920764
"Ulster",2008,1,"New York","Non-New York City",36111,3,2,1,1045357
"Ulster",2009,1,"New York","Non-New York City",36111,3,2,1,809993
"Ulster",2010,1,"New York","Non-New York City",36111,3,2,1,721746
"Ulster",2011,1,"New York","Non-New York City",36111,3,2,1,1195374
"Ulster",2012,1,"New York","Non-New York City",36111,3,2,1,342400
"Ulster",2013,1,"New York","Non-New York City",36111,3,2,1,2340958
"Ulster",2014,1,"New York","Non-New York City",36111,3,2,1,793090
"Ulster",2015,1,"New York","Non-New York City",36111,3,2,1,647075
"Ulster",2016,1,"New York","Non-New York City",36111,3,2,1,1897350
"Ulster",2017,1,"New York","Non-New York City",36111,3,2,1,591445
"Ulster",2018,1,"New York","Non-New York City",36111,3,2,1,617648
"Ulster",2019,1,"New York","Non-New York City",36111,3,2,1,3935456
"Ulster",2020,1,"New York","Non-New York City",36111,3,2,1,NA
"Warren",2000,1,"New York","Non-New York City",36113,3,2,1,232575
"Warren",2001,1,"New York","Non-New York City",36113,3,2,1,262692
"Warren",2002,1,"New York","Non-New York City",36113,3,2,1,497435
"Warren",2003,1,"New York","Non-New York City",36113,3,2,1,138055
"Warren",2004,1,"New York","Non-New York City",36113,3,2,1,306548
"Warren",2005,1,"New York","Non-New York City",36113,3,2,1,159891
"Warren",2006,1,"New York","Non-New York City",36113,3,2,1,265825
"Warren",2007,1,"New York","Non-New York City",36113,3,2,1,227705
"Warren",2008,1,"New York","Non-New York City",36113,3,2,1,195087
"Warren",2009,1,"New York","Non-New York City",36113,3,2,1,264539
"Warren",2010,1,"New York","Non-New York City",36113,3,2,1,326903
"Warren",2011,1,"New York","Non-New York City",36113,3,2,1,357915
"Warren",2012,1,"New York","Non-New York City",36113,3,2,1,173874
"Warren",2013,1,"New York","Non-New York City",36113,3,2,1,118167
"Warren",2014,1,"New York","Non-New York City",36113,3,2,1,558818
"Warren",2015,1,"New York","Non-New York City",36113,3,2,1,211104
"Warren",2016,1,"New York","Non-New York City",36113,3,2,1,384944
"Warren",2017,1,"New York","Non-New York City",36113,3,2,1,173494
"Warren",2018,1,"New York","Non-New York City",36113,3,2,1,447740
"Warren",2019,1,"New York","Non-New York City",36113,3,2,1,1514678
"Warren",2020,1,"New York","Non-New York City",36113,3,2,1,NA
"Washington",2000,1,"New York","Non-New York City",36115,3,2,1,81935
"Washington",2001,1,"New York","Non-New York City",36115,3,2,1,123669
"Washington",2002,1,"New York","Non-New York City",36115,3,2,1,322019
"Washington",2003,1,"New York","Non-New York City",36115,3,2,1,96403
"Washington",2004,1,"New York","Non-New York City",36115,3,2,1,164162
"Washington",2005,1,"New York","Non-New York City",36115,3,2,1,177282
"Washington",2006,1,"New York","Non-New York City",36115,3,2,1,92068
"Washington",2007,1,"New York","Non-New York City",36115,3,2,1,192056
"Washington",2008,1,"New York","Non-New York City",36115,3,2,1,204575
"Washington",2009,1,"New York","Non-New York City",36115,3,2,1,55627
"Washington",2010,1,"New York","Non-New York City",36115,3,2,1,144194
"Washington",2011,1,"New York","Non-New York City",36115,3,2,1,175170
"Washington",2012,1,"New York","Non-New York City",36115,3,2,1,28389
"Washington",2013,1,"New York","Non-New York City",36115,3,2,1,33398
"Washington",2014,1,"New York","Non-New York City",36115,3,2,1,219145
"Washington",2015,1,"New York","Non-New York City",36115,3,2,1,119230
"Washington",2016,1,"New York","Non-New York City",36115,3,2,1,153579
"Washington",2017,1,"New York","Non-New York City",36115,3,2,1,100394
"Washington",2018,1,"New York","Non-New York City",36115,3,2,1,181623
"Washington",2019,1,"New York","Non-New York City",36115,3,2,1,658683
"Washington",2020,1,"New York","Non-New York City",36115,3,2,1,NA
"Wayne",2000,1,"New York","Non-New York City",36117,1,1,1,144075
"Wayne",2001,1,"New York","Non-New York City",36117,1,1,1,164191
"Wayne",2002,1,"New York","Non-New York City",36117,1,1,1,152567
"Wayne",2003,1,"New York","Non-New York City",36117,1,1,1,150692
"Wayne",2004,1,"New York","Non-New York City",36117,1,1,1,157408
"Wayne",2005,1,"New York","Non-New York City",36117,1,1,1,370896
"Wayne",2006,1,"New York","Non-New York City",36117,1,1,1,243515
"Wayne",2007,1,"New York","Non-New York City",36117,1,1,1,107212
"Wayne",2008,1,"New York","Non-New York City",36117,1,1,1,404322
"Wayne",2009,1,"New York","Non-New York City",36117,1,1,1,294248
"Wayne",2010,1,"New York","Non-New York City",36117,1,1,1,125490
"Wayne",2011,1,"New York","Non-New York City",36117,1,1,1,157296
"Wayne",2012,1,"New York","Non-New York City",36117,1,1,1,1829
"Wayne",2013,1,"New York","Non-New York City",36117,1,1,1,112693
"Wayne",2014,1,"New York","Non-New York City",36117,1,1,1,361935
"Wayne",2015,1,"New York","Non-New York City",36117,1,1,1,315363
"Wayne",2016,1,"New York","Non-New York City",36117,1,1,1,155865
"Wayne",2017,1,"New York","Non-New York City",36117,1,1,1,499944
"Wayne",2018,1,"New York","Non-New York City",36117,1,1,1,182020
"Wayne",2019,1,"New York","Non-New York City",36117,1,1,1,821701
"Wayne",2020,1,"New York","Non-New York City",36117,1,1,1,NA
"Westchester",2000,1,"New York","Non-New York City",36119,1,1,1,5086411
"Westchester",2001,1,"New York","Non-New York City",36119,1,1,1,2026306
"Westchester",2002,1,"New York","Non-New York City",36119,1,1,1,2475075
"Westchester",2003,1,"New York","Non-New York City",36119,1,1,1,2509633
"Westchester",2004,1,"New York","Non-New York City",36119,1,1,1,1978161
"Westchester",2005,1,"New York","Non-New York City",36119,1,1,1,4150383
"Westchester",2006,1,"New York","Non-New York City",36119,1,1,1,1828488
"Westchester",2007,1,"New York","Non-New York City",36119,1,1,1,2488209
"Westchester",2008,1,"New York","Non-New York City",36119,1,1,1,4260649
"Westchester",2009,1,"New York","Non-New York City",36119,1,1,1,2818139
"Westchester",2010,1,"New York","Non-New York City",36119,1,1,1,3463494
"Westchester",2011,1,"New York","Non-New York City",36119,1,1,1,6137691
"Westchester",2012,1,"New York","Non-New York City",36119,1,1,1,1123026
"Westchester",2013,1,"New York","Non-New York City",36119,1,1,1,2408278
"Westchester",2014,1,"New York","Non-New York City",36119,1,1,1,4506699
"Westchester",2015,1,"New York","Non-New York City",36119,1,1,1,3100743
"Westchester",2016,1,"New York","Non-New York City",36119,1,1,1,4756912
"Westchester",2017,1,"New York","Non-New York City",36119,1,1,1,3010443
"Westchester",2018,1,"New York","Non-New York City",36119,1,1,1,2978034
"Westchester",2019,1,"New York","Non-New York City",36119,1,1,1,20604383
"Westchester",2020,1,"New York","Non-New York City",36119,1,1,1,NA
"Wyoming",2000,1,"New York","Non-New York City",36121,6,4,0,112399
"Wyoming",2001,1,"New York","Non-New York City",36121,6,4,0,85603
"Wyoming",2002,1,"New York","Non-New York City",36121,6,4,0,117794
"Wyoming",2003,1,"New York","Non-New York City",36121,6,4,0,76918
"Wyoming",2004,1,"New York","Non-New York City",36121,6,4,0,69377
"Wyoming",2005,1,"New York","Non-New York City",36121,6,4,0,96147
"Wyoming",2006,1,"New York","Non-New York City",36121,6,4,0,107369
"Wyoming",2007,1,"New York","Non-New York City",36121,6,4,0,90805
"Wyoming",2008,1,"New York","Non-New York City",36121,6,4,0,85459
"Wyoming",2009,1,"New York","Non-New York City",36121,6,4,0,104991
"Wyoming",2010,1,"New York","Non-New York City",36121,6,4,0,49409
"Wyoming",2011,1,"New York","Non-New York City",36121,6,4,0,71622
"Wyoming",2012,1,"New York","Non-New York City",36121,6,4,0,1576
"Wyoming",2013,1,"New York","Non-New York City",36121,6,4,0,60675
"Wyoming",2014,1,"New York","Non-New York City",36121,6,4,0,81162
"Wyoming",2015,1,"New York","Non-New York City",36121,6,4,0,88740
"Wyoming",2016,1,"New York","Non-New York City",36121,6,4,0,108834
"Wyoming",2017,1,"New York","Non-New York City",36121,6,4,0,100742
"Wyoming",2018,1,"New York","Non-New York City",36121,6,4,0,56922
"Wyoming",2019,1,"New York","Non-New York City",36121,6,4,0,318586
"Wyoming",2020,1,"New York","Non-New York City",36121,6,4,0,NA
"Yates",2000,1,"New York","Non-New York City",36123,1,1,1,51022
"Yates",2001,1,"New York","Non-New York City",36123,1,1,1,62577
"Yates",2002,1,"New York","Non-New York City",36123,1,1,1,38124
"Yates",2003,1,"New York","Non-New York City",36123,1,1,1,80102
"Yates",2004,1,"New York","Non-New York City",36123,1,1,1,90162
"Yates",2005,1,"New York","Non-New York City",36123,1,1,1,60793
"Yates",2006,1,"New York","Non-New York City",36123,1,1,1,75334
"Yates",2007,1,"New York","Non-New York City",36123,1,1,1,53431
"Yates",2008,1,"New York","Non-New York City",36123,1,1,1,44637
"Yates",2009,1,"New York","Non-New York City",36123,1,1,1,108849
"Yates",2010,1,"New York","Non-New York City",36123,1,1,1,71861
"Yates",2011,1,"New York","Non-New York City",36123,1,1,1,48397
"Yates",2012,1,"New York","Non-New York City",36123,1,1,1,21461
"Yates",2013,1,"New York","Non-New York City",36123,1,1,1,20410
"Yates",2014,1,"New York","Non-New York City",36123,1,1,1,88776
"Yates",2015,1,"New York","Non-New York City",36123,1,1,1,90359
"Yates",2016,1,"New York","Non-New York City",36123,1,1,1,46104
"Yates",2017,1,"New York","Non-New York City",36123,1,1,1,124891
"Yates",2018,1,"New York","Non-New York City",36123,1,1,1,59161
"Yates",2019,1,"New York","Non-New York City",36123,1,1,1,260896
"Yates",2020,1,"New York","Non-New York City",36123,1,1,1,NA
